Task,Cohort,Model,Run,n_volumes,n_subjects,Precision,Recall,Dice,HD95_mm,SSR_pct,Precision_mean,Precision_sd,Precision_median,Recall_mean,Recall_sd,Recall_median,Dice_mean,Dice_sd,Dice_median,HD95_mm_mean,HD95_mm_sd,HD95_mm_median,SSR_pct_mean,SSR_pct_sd,SSR_pct_median
Finger Tapping,test,P(4x6) (State-of-the-Art),1,23,15,0.9283 ± 0.0589,0.8924 ± 0.0952,0.9090 ± 0.0766,1.3156 ± 0.8102,1.7302 ± 1.9140,0.928278,0.058881,0.951300,0.892387,0.095167,0.920000,0.909015,0.076577,0.924480,1.315587,0.810218,1.118000,1.730174,1.913959,1.100000
Finger Tapping,test,P(4x6) (State-of-the-Art),2,23,15,0.9266 ± 0.0583,0.8914 ± 0.1160,0.9071 ± 0.0899,1.2769 ± 0.8725,1.7488 ± 1.9745,0.926570,0.058307,0.945100,0.891374,0.116006,0.922700,0.907075,0.089920,0.934917,1.276948,0.872452,0.866000,1.748826,1.974541,1.146000
Finger Tapping,test,P(4x6) (State-of-the-Art),3,23,15,0.9322 ± 0.0614,0.8908 ± 0.1103,0.9098 ± 0.0881,1.3465 ± 0.9486,1.5963 ± 2.2244,0.932243,0.061417,0.949900,0.890830,0.110263,0.922900,0.909766,0.088112,0.932666,1.346530,0.948609,1.118000,1.596348,2.224433,0.781000
Finger Tapping,test,P(4x6) (State-of-the-Art),mean ± SD across 3 runs,23,15,0.9290 ± 0.0029,0.8915 ± 0.0008,0.9086 ± 0.0014,1.3130 ± 0.0349,1.6918 ± 0.0832,0.929030,0.002911,,0.891530,0.000790,,0.908618,0.001388,,1.313022,0.034862,,1.691783,0.083173,
Finger Tapping,test,P(3x4) (Patch-Based Core),1,23,15,0.9252 ± 0.0617,0.8008 ± 0.1753,0.8502 ± 0.1277,1.6970 ± 1.2204,1.7217 ± 1.9910,0.925239,0.061699,0.942900,0.800800,0.175274,0.869800,0.850215,0.127741,0.888058,1.696952,1.220418,1.414200,1.721739,1.990996,0.830000
Finger Tapping,test,P(3x4) (Patch-Based Core),2,23,15,0.9209 ± 0.0698,0.7778 ± 0.2251,0.8281 ± 0.1787,1.7926 ± 1.6003,1.7237 ± 2.0601,0.920917,0.069760,0.941400,0.777757,0.225080,0.877900,0.828053,0.178729,0.892647,1.792565,1.600340,1.224700,1.723739,2.060115,0.983000
Finger Tapping,test,P(3x4) (Patch-Based Core),3,23,15,0.9223 ± 0.0708,0.7877 ± 0.1974,0.8397 ± 0.1552,1.7636 ± 1.6056,1.8539 ± 2.5975,0.922278,0.070784,0.942800,0.787722,0.197448,0.866200,0.839704,0.155175,0.889555,1.763565,1.605612,1.414200,1.853913,2.597537,0.938000
Finger Tapping,test,P(3x4) (Patch-Based Core),mean ± SD across 3 runs,23,15,0.9228 ± 0.0022,0.7888 ± 0.0116,0.8393 ± 0.0111,1.7510 ± 0.0490,1.7665 ± 0.0757,0.922812,0.002210,,0.788759,0.011557,,0.839324,0.011086,,1.751028,0.049024,,1.766464,0.075740,
Finger Tapping,test,DUCK-Net (Multi-Scale),1,23,15,0.8636 ± 0.1427,0.8484 ± 0.1854,0.8421 ± 0.1789,2.2297 ± 2.0383,4.3336 ± 6.1113,0.863604,0.142684,0.919500,0.848417,0.185447,0.902100,0.842113,0.178851,0.909844,2.229683,2.038330,1.500000,4.333609,6.111302,2.180000
Finger Tapping,test,DUCK-Net (Multi-Scale),2,23,15,0.8510 ± 0.1342,0.8137 ± 0.2210,0.8175 ± 0.1930,2.3148 ± 1.7224,4.7769 ± 6.1289,0.851004,0.134238,0.897600,0.813709,0.220981,0.880900,0.817528,0.193037,0.884749,2.314752,1.722385,1.732100,4.776870,6.128947,2.466000
Finger Tapping,test,DUCK-Net (Multi-Scale),3,23,15,0.8610 ± 0.1193,0.8323 ± 0.2015,0.8351 ± 0.1691,2.2938 ± 1.9712,4.7233 ± 6.3454,0.861048,0.119313,0.907200,0.832326,0.201466,0.900800,0.835147,0.169125,0.895566,2.293848,1.971164,1.658300,4.723261,6.345395,2.051000
Finger Tapping,test,DUCK-Net (Multi-Scale),mean ± SD across 3 runs,23,15,0.8586 ± 0.0067,0.8315 ± 0.0174,0.8316 ± 0.0127,2.2794 ± 0.0443,4.6112 ± 0.2419,0.858552,0.006660,,0.831484,0.017370,,0.831596,0.012671,,2.279428,0.044330,,4.611246,0.241931,
Finger Tapping,test,3DZ-Net (Variational Dense),1,23,15,0.9015 ± 0.0961,0.7650 ± 0.1898,0.8148 ± 0.1564,1.9503 ± 1.2388,2.4735 ± 3.5794,0.901461,0.096106,0.934400,0.764996,0.189799,0.837000,0.814792,0.156429,0.866632,1.950343,1.238766,1.870800,2.473478,3.579411,1.461000
Finger Tapping,test,3DZ-Net (Variational Dense),2,23,15,0.9119 ± 0.0783,0.7795 ± 0.1831,0.8326 ± 0.1387,1.7404 ± 1.0783,2.1383 ± 3.1113,0.911878,0.078281,0.945200,0.779530,0.183138,0.846300,0.832605,0.138734,0.887791,1.740435,1.078302,1.414200,2.138348,3.111274,1.196000
Finger Tapping,test,3DZ-Net (Variational Dense),3,23,15,0.9171 ± 0.0746,0.7721 ± 0.1712,0.8301 ± 0.1325,1.6835 ± 1.1143,1.9492 ± 2.6984,0.917087,0.074561,0.938700,0.772104,0.171157,0.814400,0.830138,0.132517,0.862916,1.683496,1.114258,1.414200,1.949217,2.698386,1.026000
Finger Tapping,test,3DZ-Net (Variational Dense),mean ± SD across 3 runs,23,15,0.9101 ± 0.0080,0.7722 ± 0.0073,0.8258 ± 0.0097,1.7914 ± 0.1405,2.1870 ± 0.2655,0.910142,0.007956,,0.772210,0.007268,,0.825845,0.009652,,1.791425,0.140542,,2.187014,0.265497,
Finger Tapping,test,Ensemble-nnU-Net (Baseline),1,23,15,0.8651 ± 0.1787,0.7661 ± 0.1900,0.7997 ± 0.1881,2.1277 ± 1.4203,3.4148 ± 7.6159,0.865065,0.178704,0.913400,0.766113,0.189951,0.792600,0.799708,0.188108,0.840543,2.127665,1.420304,1.658300,3.414826,7.615905,1.624000
Finger Tapping,test,Ensemble-nnU-Net (Baseline),2,23,15,0.8630 ± 0.1758,0.8036 ± 0.2012,0.8180 ± 0.1962,2.2507 ± 1.9068,3.7323 ± 8.2066,0.862991,0.175827,0.926000,0.803622,0.201157,0.861300,0.817964,0.196229,0.886472,2.250739,1.906762,1.500000,3.732261,8.206568,1.353000
Finger Tapping,test,Ensemble-nnU-Net (Baseline),3,23,15,0.8770 ± 0.1663,0.7831 ± 0.2073,0.8137 ± 0.1891,2.1308 ± 1.5750,3.0546 ± 7.0227,0.876957,0.166288,0.933900,0.783057,0.207334,0.903600,0.813663,0.189131,0.908731,2.130765,1.575031,1.581100,3.054609,7.022711,1.264000
Finger Tapping,test,Ensemble-nnU-Net (Baseline),mean ± SD across 3 runs,23,15,0.8683 ± 0.0075,0.7843 ± 0.0188,0.8104 ± 0.0095,2.1697 ± 0.0702,3.4006 ± 0.3391,0.868338,0.007536,,0.784264,0.018783,,0.810445,0.009544,,2.169723,0.070179,,3.400565,0.339051,
Finger Tapping,all,P(4x6) (State-of-the-Art),1,155,98,0.9394 ± 0.0467,0.9180 ± 0.0663,0.9279 ± 0.0534,1.2455 ± 1.2209,1.2976 ± 1.5451,0.939430,0.046660,0.952900,0.918041,0.066262,0.936700,0.927906,0.053450,0.943525,1.245462,1.220938,1.000000,1.297568,1.545138,0.808000
Finger Tapping,all,P(4x6) (State-of-the-Art),2,155,98,0.9387 ± 0.0479,0.9204 ± 0.0694,0.9288 ± 0.0569,1.2342 ± 1.2158,1.2751 ± 1.4830,0.938679,0.047904,0.953400,0.920420,0.069445,0.941200,0.928805,0.056926,0.947096,1.234243,1.215763,0.866000,1.275097,1.483012,0.743000
Finger Tapping,all,P(4x6) (State-of-the-Art),3,155,98,0.9430 ± 0.0433,0.9214 ± 0.0712,0.9312 ± 0.0554,1.1930 ± 1.0213,1.1716 ± 1.5275,0.943041,0.043262,0.955500,0.921429,0.071192,0.935300,0.931237,0.055410,0.944009,1.193037,1.021300,1.000000,1.171600,1.527470,0.721000
Finger Tapping,all,P(4x6) (State-of-the-Art),mean ± SD across 3 runs,155,98,0.9404 ± 0.0023,0.9200 ± 0.0017,0.9293 ± 0.0017,1.2242 ± 0.0276,1.2481 ± 0.0672,0.940383,0.002332,,0.919963,0.001740,,0.929316,0.001723,,1.224247,0.027605,,1.248088,0.067187,
Finger Tapping,all,P(3x4) (Patch-Based Core),1,155,98,0.9360 ± 0.0459,0.8351 ± 0.1477,0.8763 ± 0.1103,1.3336 ± 0.8607,1.2879 ± 1.4686,0.936036,0.045924,0.949700,0.835066,0.147709,0.881000,0.876291,0.110328,0.909071,1.333575,0.860722,1.118000,1.287935,1.468570,0.838000
Finger Tapping,all,P(3x4) (Patch-Based Core),2,155,98,0.9380 ± 0.0472,0.8455 ± 0.1488,0.8828 ± 0.1129,1.2861 ± 0.9022,1.1809 ± 1.3245,0.937986,0.047241,0.952600,0.845503,0.148765,0.897400,0.882834,0.112869,0.919392,1.286148,0.902194,1.118000,1.180890,1.324474,0.741000
Finger Tapping,all,P(3x4) (Patch-Based Core),3,155,98,0.9367 ± 0.0468,0.8432 ± 0.1410,0.8821 ± 0.1061,1.3137 ± 0.9188,1.2627 ± 1.5752,0.936737,0.046825,0.948800,0.843174,0.141009,0.891700,0.882127,0.106087,0.912038,1.313690,0.918779,1.118000,1.262729,1.575156,0.781000
Finger Tapping,all,P(3x4) (Patch-Based Core),mean ± SD across 3 runs,155,98,0.9369 ± 0.0010,0.8412 ± 0.0055,0.8804 ± 0.0036,1.3111 ± 0.0238,1.2439 ± 0.0560,0.936920,0.000988,,0.841248,0.005478,,0.880417,0.003591,,1.311138,0.023816,,1.243852,0.055964,
Finger Tapping,all,DUCK-Net (Multi-Scale),1,155,98,0.8878 ± 0.1018,0.9060 ± 0.1085,0.8926 ± 0.1036,1.8314 ± 1.3654,2.6206 ± 3.6203,0.887783,0.101790,0.920100,0.905961,0.108508,0.939700,0.892636,0.103570,0.927046,1.831397,1.365447,1.500000,2.620600,3.620285,1.302000
Finger Tapping,all,DUCK-Net (Multi-Scale),2,155,98,0.8823 ± 0.1042,0.8916 ± 0.1318,0.8817 ± 0.1201,1.9173 ± 1.3483,2.8571 ± 4.0183,0.882344,0.104226,0.916500,0.891571,0.131806,0.937400,0.881728,0.120123,0.917584,1.917281,1.348337,1.581100,2.857084,4.018295,1.347000
Finger Tapping,all,DUCK-Net (Multi-Scale),3,155,98,0.8944 ± 0.0962,0.9009 ± 0.1221,0.8940 ± 0.1078,1.8171 ± 1.3135,2.4663 ± 3.5329,0.894364,0.096172,0.924300,0.900903,0.122128,0.943000,0.893958,0.107817,0.926808,1.817095,1.313546,1.500000,2.466303,3.532888,1.244000
Finger Tapping,all,DUCK-Net (Multi-Scale),mean ± SD across 3 runs,155,98,0.8882 ± 0.0060,0.8995 ± 0.0073,0.8894 ± 0.0067,1.8553 ± 0.0542,2.6480 ± 0.1968,0.888163,0.006019,,0.899478,0.007300,,0.889441,0.006712,,1.855258,0.054188,,2.647996,0.196825,
Finger Tapping,all,3DZ-Net (Variational Dense),1,155,98,0.9182 ± 0.0725,0.8118 ± 0.1613,0.8533 ± 0.1262,1.6895 ± 1.1455,1.6343 ± 2.0716,0.918250,0.072548,0.942300,0.811829,0.161281,0.864600,0.853318,0.126180,0.893924,1.689477,1.145495,1.414200,1.634290,2.071619,1.031000
Finger Tapping,all,3DZ-Net (Variational Dense),2,155,98,0.9276 ± 0.0621,0.8251 ± 0.1446,0.8676 ± 0.1082,1.5848 ± 1.1971,1.3691 ± 1.7599,0.927577,0.062092,0.947500,0.825105,0.144551,0.874200,0.867644,0.108238,0.903789,1.584794,1.197136,1.224700,1.369135,1.759875,0.841000
Finger Tapping,all,3DZ-Net (Variational Dense),3,155,98,0.9288 ± 0.0676,0.8363 ± 0.1421,0.8739 ± 0.1079,1.5759 ± 1.5460,1.3804 ± 1.8180,0.928784,0.067565,0.951200,0.836280,0.142115,0.881700,0.873852,0.107918,0.905836,1.575882,1.545986,1.224700,1.380419,1.818038,0.774000
Finger Tapping,all,3DZ-Net (Variational Dense),mean ± SD across 3 runs,155,98,0.9249 ± 0.0058,0.8244 ± 0.0122,0.8649 ± 0.0105,1.6167 ± 0.0632,1.4613 ± 0.1499,0.924870,0.005765,,0.824405,0.012241,,0.864938,0.010531,,1.616718,0.063169,,1.461282,0.149936,
Finger Tapping,all,Ensemble-nnU-Net (Baseline),1,155,98,0.8985 ± 0.1029,0.8465 ± 0.1551,0.8649 ± 0.1301,1.7858 ± 1.3614,1.8426 ± 3.5660,0.898533,0.102947,0.924400,0.846490,0.155146,0.902500,0.864938,0.130070,0.909118,1.785832,1.361392,1.414200,1.842574,3.565980,0.915000
Finger Tapping,all,Ensemble-nnU-Net (Baseline),2,155,98,0.9045 ± 0.0971,0.8612 ± 0.1480,0.8762 ± 0.1239,1.6623 ± 1.4413,1.7325 ± 3.5869,0.904453,0.097127,0.930700,0.861221,0.148004,0.908500,0.876222,0.123883,0.911965,1.662331,1.441344,1.224700,1.732516,3.586919,0.826000
Finger Tapping,all,Ensemble-nnU-Net (Baseline),3,155,98,0.8975 ± 0.1073,0.8548 ± 0.1476,0.8690 ± 0.1258,1.7405 ± 1.4375,1.8569 ± 3.8724,0.897532,0.107262,0.929600,0.854848,0.147640,0.912100,0.868999,0.125759,0.912987,1.740483,1.437459,1.414200,1.856942,3.872412,0.944000
Finger Tapping,all,Ensemble-nnU-Net (Baseline),mean ± SD across 3 runs,155,98,0.9002 ± 0.0037,0.8542 ± 0.0074,0.8701 ± 0.0057,1.7295 ± 0.0625,1.8107 ± 0.0681,0.900173,0.003740,,0.854186,0.007388,,0.870053,0.005715,,1.729549,0.062472,,1.810677,0.068070,
Foot Movement,test,P(4x6) (State-of-the-Art),1,23,15,0.8981 ± 0.0738,0.8654 ± 0.1202,0.8796 ± 0.0971,1.5489 ± 0.7927,2.8421 ± 2.8374,0.898057,0.073756,0.910700,0.865357,0.120152,0.899300,0.879632,0.097125,0.897095,1.548857,0.792669,1.414200,2.842087,2.837352,2.035000
Foot Movement,test,P(4x6) (State-of-the-Art),2,23,15,0.8950 ± 0.0703,0.8665 ± 0.0994,0.8798 ± 0.0842,1.7418 ± 0.8520,2.9360 ± 2.7843,0.895009,0.070326,0.902300,0.866461,0.099434,0.891900,0.879783,0.084159,0.903553,1.741848,0.851950,1.732100,2.935957,2.784287,2.144000
Foot Movement,test,P(4x6) (State-of-the-Art),3,23,15,0.8950 ± 0.0951,0.8754 ± 0.0827,0.8839 ± 0.0862,1.4942 ± 0.6792,2.8307 ± 3.6128,0.894987,0.095103,0.919500,0.875387,0.082737,0.884500,0.883887,0.086223,0.896256,1.494196,0.679197,1.500000,2.830739,3.612771,1.582000
Foot Movement,test,P(4x6) (State-of-the-Art),mean ± SD across 3 runs,23,15,0.8960 ± 0.0018,0.8691 ± 0.0055,0.8811 ± 0.0024,1.5950 ± 0.1301,2.8696 ± 0.0578,0.896017,0.001766,,0.869068,0.005500,,0.881101,0.002414,,1.594967,0.130106,,2.869594,0.057751,
Foot Movement,test,P(3x4) (Patch-Based Core),1,23,15,0.8838 ± 0.0939,0.7360 ± 0.2366,0.7853 ± 0.1916,1.8758 ± 1.1246,3.2727 ± 3.8169,0.883787,0.093946,0.897500,0.736030,0.236599,0.810500,0.785308,0.191638,0.862322,1.875761,1.124598,1.581100,3.272652,3.816859,1.628000
Foot Movement,test,P(3x4) (Patch-Based Core),2,23,15,0.8797 ± 0.0940,0.7528 ± 0.2008,0.8007 ± 0.1618,2.1772 ± 1.1377,3.3628 ± 4.1237,0.879704,0.093966,0.907000,0.752761,0.200793,0.837000,0.800721,0.161773,0.842568,2.177187,1.137717,1.802800,3.362783,4.123727,1.673000
Foot Movement,test,P(3x4) (Patch-Based Core),3,23,15,0.8734 ± 0.1080,0.7546 ± 0.1984,0.7997 ± 0.1657,1.8575 ± 0.9017,3.1900 ± 3.6667,0.873413,0.107954,0.887900,0.754639,0.198396,0.798200,0.799660,0.165723,0.840297,1.857543,0.901748,1.802800,3.190043,3.666720,1.619000
Foot Movement,test,P(3x4) (Patch-Based Core),mean ± SD across 3 runs,23,15,0.8790 ± 0.0052,0.7478 ± 0.0102,0.7952 ± 0.0086,1.9702 ± 0.1795,3.2752 ± 0.0864,0.878968,0.005226,,0.747810,0.010245,,0.795230,0.008609,,1.970164,0.179519,,3.275159,0.086397,
Foot Movement,test,DUCK-Net (Multi-Scale),1,23,15,0.8146 ± 0.1956,0.7959 ± 0.2103,0.7961 ± 0.1897,2.5793 ± 2.4771,6.6888 ± 9.3828,0.814583,0.195635,0.889000,0.795922,0.210255,0.866300,0.796102,0.189694,0.855230,2.579274,2.477064,2.000000,6.688826,9.382804,3.089000
Foot Movement,test,DUCK-Net (Multi-Scale),2,23,15,0.8048 ± 0.1915,0.8110 ± 0.2100,0.8005 ± 0.1969,2.5912 ± 2.4824,6.7710 ± 9.2519,0.804770,0.191496,0.893800,0.810978,0.209951,0.924500,0.800490,0.196935,0.877873,2.591248,2.482357,1.732100,6.770957,9.251934,2.984000
Foot Movement,test,DUCK-Net (Multi-Scale),3,23,15,0.8303 ± 0.1672,0.8150 ± 0.1745,0.8185 ± 0.1615,2.6169 ± 2.5405,6.5917 ± 8.5983,0.830304,0.167223,0.888800,0.814957,0.174470,0.866600,0.818537,0.161465,0.832668,2.616926,2.540483,1.802800,6.591652,8.598268,2.610000
Foot Movement,test,DUCK-Net (Multi-Scale),mean ± SD across 3 runs,23,15,0.8166 ± 0.0129,0.8073 ± 0.0100,0.8050 ± 0.0119,2.5958 ± 0.0192,6.6838 ± 0.0898,0.816552,0.012881,,0.807286,0.010040,,0.805043,0.011890,,2.595816,0.019237,,6.683812,0.089757,
Foot Movement,test,3DZ-Net (Variational Dense),1,23,15,0.8773 ± 0.0922,0.7395 ± 0.2133,0.7932 ± 0.1692,2.2512 ± 1.2736,3.7744 ± 3.8495,0.877317,0.092226,0.897900,0.739543,0.213347,0.811400,0.793196,0.169210,0.841759,2.251209,1.273633,2.000000,3.774435,3.849539,2.265000
Foot Movement,test,3DZ-Net (Variational Dense),2,23,15,0.8704 ± 0.1078,0.7362 ± 0.1878,0.7910 ± 0.1523,2.1585 ± 1.1887,4.1033 ± 5.6555,0.870357,0.107799,0.905700,0.736235,0.187764,0.803500,0.791040,0.152350,0.820116,2.158543,1.188696,1.732100,4.103304,5.655504,2.279000
Foot Movement,test,3DZ-Net (Variational Dense),3,23,15,0.8745 ± 0.1114,0.7635 ± 0.1572,0.8112 ± 0.1307,2.0051 ± 0.9661,4.0541 ± 5.8176,0.874491,0.111441,0.914200,0.763513,0.157215,0.784000,0.811219,0.130657,0.831190,2.005057,0.966120,1.658300,4.054130,5.817568,1.994000
Foot Movement,test,3DZ-Net (Variational Dense),mean ± SD across 3 runs,23,15,0.8741 ± 0.0035,0.7464 ± 0.0149,0.7985 ± 0.0111,2.1383 ± 0.1243,3.9773 ± 0.1774,0.874055,0.003501,,0.746430,0.014886,,0.798485,0.011080,,2.138270,0.124322,,3.977290,0.177390,
Foot Movement,test,Ensemble-nnU-Net (Baseline),1,23,15,0.8351 ± 0.1271,0.7497 ± 0.1873,0.7842 ± 0.1555,2.3515 ± 1.0130,5.0116 ± 5.9848,0.835087,0.127133,0.875900,0.749713,0.187299,0.727100,0.784156,0.155457,0.811874,2.351457,1.012981,2.121300,5.011565,5.984843,4.020000
Foot Movement,test,Ensemble-nnU-Net (Baseline),2,23,15,0.8505 ± 0.1035,0.7569 ± 0.1887,0.7939 ± 0.1486,2.2795 ± 1.1228,4.5031 ± 4.7874,0.850483,0.103472,0.871300,0.756935,0.188669,0.810400,0.793861,0.148634,0.817693,2.279548,1.122796,2.061600,4.503087,4.787397,3.255000
Foot Movement,test,Ensemble-nnU-Net (Baseline),3,23,15,0.8257 ± 0.1461,0.7617 ± 0.1878,0.7866 ± 0.1601,2.3801 ± 1.0810,5.5555 ± 6.6881,0.825722,0.146065,0.839900,0.761717,0.187765,0.802600,0.786607,0.160060,0.804677,2.380083,1.081049,2.291300,5.555522,6.688126,3.403000
Foot Movement,test,Ensemble-nnU-Net (Baseline),mean ± SD across 3 runs,23,15,0.8371 ± 0.0125,0.7561 ± 0.0060,0.7882 ± 0.0050,2.3370 ± 0.0518,5.0234 ± 0.5263,0.837097,0.012502,,0.756122,0.006043,,0.788208,0.005047,,2.337029,0.051797,,5.023391,0.526317,
Foot Movement,all,P(4x6) (State-of-the-Art),1,155,98,0.9019 ± 0.0858,0.8793 ± 0.0973,0.8882 ± 0.0877,1.7190 ± 1.4454,2.3884 ± 3.0908,0.901939,0.085841,0.924900,0.879276,0.097328,0.902600,0.888245,0.087669,0.911328,1.718979,1.445414,1.414200,2.388439,3.090846,1.424000
Foot Movement,all,P(4x6) (State-of-the-Art),2,155,98,0.9026 ± 0.0768,0.8807 ± 0.0940,0.8901 ± 0.0823,1.6159 ± 1.2491,2.4311 ± 3.0680,0.902578,0.076756,0.924900,0.880741,0.093951,0.904300,0.890057,0.082324,0.913370,1.615923,1.249059,1.414200,2.431065,3.067959,1.421000
Foot Movement,all,P(4x6) (State-of-the-Art),3,155,98,0.9083 ± 0.0785,0.8894 ± 0.0813,0.8977 ± 0.0767,1.5587 ± 1.2462,2.2188 ± 2.9754,0.908321,0.078547,0.929600,0.889423,0.081301,0.907900,0.897701,0.076722,0.917845,1.558709,1.246195,1.224700,2.218787,2.975422,1.358000
Foot Movement,all,P(4x6) (State-of-the-Art),mean ± SD across 3 runs,155,98,0.9043 ± 0.0035,0.8831 ± 0.0055,0.8920 ± 0.0050,1.6312 ± 0.0812,2.3461 ± 0.1123,0.904279,0.003515,,0.883147,0.005485,,0.892001,0.005019,,1.631203,0.081220,,2.346097,0.112295,
Foot Movement,all,P(3x4) (Patch-Based Core),1,155,98,0.9021 ± 0.0786,0.7518 ± 0.1971,0.8074 ± 0.1540,2.0018 ± 1.2024,2.3464 ± 3.0577,0.902133,0.078584,0.924400,0.751828,0.197068,0.803500,0.807449,0.154010,0.861746,2.001774,1.202399,1.732100,2.346355,3.057659,1.240000
Foot Movement,all,P(3x4) (Patch-Based Core),2,155,98,0.8932 ± 0.0830,0.7501 ± 0.1957,0.8035 ± 0.1538,2.0473 ± 1.1900,2.6277 ± 3.4170,0.893167,0.082983,0.913500,0.750052,0.195706,0.816900,0.803522,0.153774,0.847507,2.047299,1.189992,1.732100,2.627703,3.417010,1.400000
Foot Movement,all,P(3x4) (Patch-Based Core),3,155,98,0.9015 ± 0.0803,0.7619 ± 0.1927,0.8133 ± 0.1507,1.9580 ± 1.1987,2.2649 ± 2.7406,0.901477,0.080287,0.922400,0.761941,0.192656,0.814400,0.813263,0.150681,0.857483,1.957990,1.198671,1.581100,2.264929,2.740635,1.202000
Foot Movement,all,P(3x4) (Patch-Based Core),mean ± SD across 3 runs,155,98,0.8989 ± 0.0050,0.7546 ± 0.0064,0.8081 ± 0.0049,2.0024 ± 0.0447,2.4130 ± 0.1903,0.898926,0.004998,,0.754607,0.006413,,0.808078,0.004901,,2.002354,0.044657,,2.412996,0.190347,
Foot Movement,all,DUCK-Net (Multi-Scale),1,155,98,0.8569 ± 0.1144,0.8505 ± 0.1553,0.8466 ± 0.1258,2.0871 ± 1.5564,3.9728 ± 5.4987,0.856928,0.114377,0.889000,0.850466,0.155272,0.902600,0.846558,0.125784,0.883823,2.087140,1.556396,1.658300,3.972806,5.498672,2.346000
Foot Movement,all,DUCK-Net (Multi-Scale),2,155,98,0.8522 ± 0.1172,0.8444 ± 0.1539,0.8404 ± 0.1270,2.0805 ± 1.5637,3.9919 ± 5.4946,0.852150,0.117216,0.885100,0.844387,0.153857,0.898400,0.840421,0.127016,0.872094,2.080515,1.563743,1.658300,3.991890,5.494587,2.137000
Foot Movement,all,DUCK-Net (Multi-Scale),3,155,98,0.8545 ± 0.1219,0.8431 ± 0.1597,0.8388 ± 0.1337,2.1341 ± 1.5787,4.0496 ± 6.0739,0.854494,0.121944,0.884600,0.843138,0.159740,0.902300,0.838761,0.133665,0.876938,2.134097,1.578713,1.802800,4.049594,6.073900,1.955000
Foot Movement,all,DUCK-Net (Multi-Scale),mean ± SD across 3 runs,155,98,0.8545 ± 0.0024,0.8460 ± 0.0039,0.8419 ± 0.0041,2.1006 ± 0.0292,4.0048 ± 0.0400,0.854524,0.002389,,0.845997,0.003920,,0.841913,0.004107,,2.100584,0.029212,,4.004763,0.039979,
Foot Movement,all,3DZ-Net (Variational Dense),1,155,98,0.8934 ± 0.0964,0.7848 ± 0.1739,0.8274 ± 0.1410,2.1472 ± 1.3324,3.0069 ± 3.6581,0.893377,0.096379,0.919800,0.784793,0.173851,0.835000,0.827396,0.141034,0.869671,2.147201,1.332353,1.802800,3.006942,3.658076,1.746000
Foot Movement,all,3DZ-Net (Variational Dense),2,155,98,0.8897 ± 0.0988,0.7879 ± 0.1626,0.8287 ± 0.1309,2.3357 ± 1.4373,3.1854 ± 3.8952,0.889655,0.098805,0.916900,0.787855,0.162561,0.840300,0.828655,0.130937,0.877008,2.335717,1.437292,2.000000,3.185400,3.895177,1.946000
Foot Movement,all,3DZ-Net (Variational Dense),3,155,98,0.8970 ± 0.0934,0.7969 ± 0.1487,0.8385 ± 0.1186,2.1968 ± 1.3770,2.9938 ± 4.1219,0.896979,0.093444,0.921100,0.796937,0.148667,0.825900,0.838490,0.118610,0.869482,2.196779,1.376973,1.802800,2.993800,4.121880,1.720000
Foot Movement,all,3DZ-Net (Variational Dense),mean ± SD across 3 runs,155,98,0.8933 ± 0.0037,0.7899 ± 0.0063,0.8315 ± 0.0061,2.2266 ± 0.0977,3.0620 ± 0.1070,0.893337,0.003662,,0.789862,0.006316,,0.831514,0.006074,,2.226566,0.097724,,3.062047,0.107028,
Foot Movement,all,Ensemble-nnU-Net (Baseline),1,155,98,0.8463 ± 0.1356,0.7982 ± 0.1499,0.8146 ± 0.1374,2.3779 ± 1.5694,3.9919 ± 6.4655,0.846306,0.135580,0.885700,0.798174,0.149887,0.840700,0.814639,0.137378,0.837776,2.377926,1.569384,2.000000,3.991942,6.465481,2.150000
Foot Movement,all,Ensemble-nnU-Net (Baseline),2,155,98,0.8582 ± 0.1194,0.8101 ± 0.1414,0.8287 ± 0.1262,2.2731 ± 1.3773,3.6127 ± 5.8446,0.858230,0.119390,0.886400,0.810054,0.141385,0.836700,0.828686,0.126192,0.858683,2.273068,1.377320,2.000000,3.612665,5.844615,2.096000
Foot Movement,all,Ensemble-nnU-Net (Baseline),3,155,98,0.8430 ± 0.1342,0.8038 ± 0.1435,0.8168 ± 0.1312,2.3917 ± 1.5514,4.1202 ± 6.6209,0.843017,0.134229,0.881200,0.803776,0.143457,0.838100,0.816770,0.131209,0.851245,2.391674,1.551353,2.000000,4.120213,6.620852,2.174000
Foot Movement,all,Ensemble-nnU-Net (Baseline),mean ± SD across 3 runs,155,98,0.8492 ± 0.0080,0.8040 ± 0.0059,0.8200 ± 0.0076,2.3476 ± 0.0649,3.9083 ± 0.2639,0.849185,0.008004,,0.804002,0.005943,,0.820032,0.007570,,2.347556,0.064874,,3.908273,0.263916,
Lip Pursing,test,P(4x6) (State-of-the-Art),1,23,15,0.8408 ± 0.1188,0.8021 ± 0.1549,0.8190 ± 0.1378,2.6296 ± 1.3686,4.5553 ± 5.1986,0.840822,0.118765,0.863800,0.802057,0.154887,0.859300,0.818952,0.137822,0.864175,2.629617,1.368594,2.449500,4.555348,5.198558,2.555000
Lip Pursing,test,P(4x6) (State-of-the-Art),2,23,15,0.8238 ± 0.1439,0.7980 ± 0.1596,0.8091 ± 0.1507,2.4883 ± 1.2357,5.2225 ± 6.4056,0.823809,0.143876,0.873100,0.797961,0.159577,0.839200,0.809107,0.150705,0.843104,2.488287,1.235711,2.345200,5.222522,6.405594,2.567000
Lip Pursing,test,P(4x6) (State-of-the-Art),3,23,15,0.8379 ± 0.1269,0.8036 ± 0.1594,0.8184 ± 0.1440,2.5692 ± 1.3388,4.6306 ± 5.3246,0.837865,0.126941,0.860000,0.803583,0.159405,0.851900,0.818370,0.143997,0.843639,2.569226,1.338756,2.500000,4.630609,5.324583,2.521000
Lip Pursing,test,P(4x6) (State-of-the-Art),mean ± SD across 3 runs,23,15,0.8342 ± 0.0091,0.8012 ± 0.0029,0.8155 ± 0.0055,2.5624 ± 0.0709,4.8028 ± 0.3654,0.834165,0.009090,,0.801200,0.002907,,0.815476,0.005524,,2.562377,0.070914,,4.802826,0.365410,
Lip Pursing,test,P(3x4) (Patch-Based Core),1,23,15,0.8266 ± 0.1313,0.7092 ± 0.1808,0.7568 ± 0.1581,3.1258 ± 1.9042,5.5161 ± 7.1195,0.826630,0.131307,0.858400,0.709187,0.180792,0.750300,0.756836,0.158123,0.798706,3.125835,1.904197,2.828400,5.516130,7.119504,2.546000
Lip Pursing,test,P(3x4) (Patch-Based Core),2,23,15,0.8078 ± 0.1375,0.6807 ± 0.1865,0.7302 ± 0.1565,3.0751 ± 1.3941,6.2357 ± 7.1957,0.807774,0.137486,0.845200,0.680735,0.186483,0.675200,0.730234,0.156547,0.759042,3.075104,1.394088,3.041400,6.235696,7.195699,3.654000
Lip Pursing,test,P(3x4) (Patch-Based Core),3,23,15,0.8248 ± 0.1321,0.6890 ± 0.1793,0.7447 ± 0.1535,3.1811 ± 1.5374,5.4831 ± 6.5634,0.824783,0.132093,0.852400,0.688970,0.179309,0.695300,0.744706,0.153499,0.793615,3.181143,1.537369,3.082200,5.483130,6.563443,2.809000
Lip Pursing,test,P(3x4) (Patch-Based Core),mean ± SD across 3 runs,23,15,0.8197 ± 0.0104,0.6930 ± 0.0146,0.7439 ± 0.0133,3.1274 ± 0.0530,5.7450 ± 0.4253,0.819729,0.010395,,0.692964,0.014641,,0.743925,0.013318,,3.127361,0.053036,,5.744986,0.425288,
Lip Pursing,test,DUCK-Net (Multi-Scale),1,23,15,0.7539 ± 0.1918,0.7757 ± 0.1767,0.7580 ± 0.1766,3.7759 ± 2.0487,9.0783 ± 11.8487,0.753896,0.191770,0.796600,0.775730,0.176668,0.818600,0.758014,0.176583,0.791697,3.775857,2.048677,3.316600,9.078304,11.848694,4.446000
Lip Pursing,test,DUCK-Net (Multi-Scale),2,23,15,0.7521 ± 0.2080,0.7858 ± 0.1726,0.7592 ± 0.1922,3.9729 ± 2.7508,8.9798 ± 12.6052,0.752143,0.208013,0.804200,0.785826,0.172588,0.861400,0.759172,0.192212,0.826193,3.972904,2.750770,3.162300,8.979826,12.605234,4.819000
Lip Pursing,test,DUCK-Net (Multi-Scale),3,23,15,0.7622 ± 0.1992,0.7683 ± 0.1878,0.7548 ± 0.1917,4.0326 ± 2.9288,9.3462 ± 13.7289,0.762213,0.199245,0.812300,0.768317,0.187841,0.834700,0.754752,0.191741,0.809178,4.032648,2.928835,3.201600,9.346174,13.728879,4.338000
Lip Pursing,test,DUCK-Net (Multi-Scale),mean ± SD across 3 runs,23,15,0.7561 ± 0.0054,0.7766 ± 0.0088,0.7573 ± 0.0023,3.9271 ± 0.1344,9.1348 ± 0.1896,0.756084,0.005380,,0.776625,0.008789,,0.757313,0.002292,,3.927136,0.134374,,9.134768,0.189589,
Lip Pursing,test,3DZ-Net (Variational Dense),1,23,15,0.7936 ± 0.1996,0.6845 ± 0.2121,0.7218 ± 0.2127,3.4880 ± 2.1418,6.9076 ± 9.2316,0.793622,0.199589,0.849300,0.684500,0.212093,0.682300,0.721817,0.212719,0.766797,3.488035,2.141840,3.162300,6.907565,9.231599,3.816000
Lip Pursing,test,3DZ-Net (Variational Dense),2,23,15,0.8150 ± 0.1487,0.7153 ± 0.2091,0.7508 ± 0.1860,3.2073 ± 1.5654,5.4918 ± 8.3089,0.815035,0.148671,0.864000,0.715343,0.209077,0.755300,0.750835,0.186014,0.812034,3.207274,1.565371,3.082200,5.491826,8.308934,2.902000
Lip Pursing,test,3DZ-Net (Variational Dense),3,23,15,0.8076 ± 0.1546,0.7099 ± 0.1877,0.7492 ± 0.1722,3.3195 ± 1.3367,5.8352 ± 8.8857,0.807561,0.154559,0.832800,0.709930,0.187676,0.748300,0.749201,0.172226,0.810807,3.319496,1.336739,3.464100,5.835217,8.885704,3.864000
Lip Pursing,test,3DZ-Net (Variational Dense),mean ± SD across 3 runs,23,15,0.8054 ± 0.0109,0.7033 ± 0.0165,0.7406 ± 0.0163,3.3383 ± 0.1413,6.0782 ± 0.7385,0.805406,0.010868,,0.703258,0.016469,,0.740617,0.016303,,3.338268,0.141319,,6.078203,0.738485,
Lip Pursing,test,Ensemble-nnU-Net (Baseline),1,23,15,0.7790 ± 0.1706,0.6969 ± 0.2343,0.7279 ± 0.2068,3.5090 ± 1.7555,7.8197 ± 9.0802,0.779026,0.170628,0.838900,0.696865,0.234272,0.817600,0.727927,0.206847,0.793279,3.509013,1.755474,3.082200,7.819696,9.080242,5.660000
Lip Pursing,test,Ensemble-nnU-Net (Baseline),2,23,15,0.7705 ± 0.1855,0.7181 ± 0.2320,0.7337 ± 0.2050,3.7125 ± 1.8769,8.1362 ± 10.3792,0.770548,0.185503,0.830200,0.718091,0.231966,0.820300,0.733750,0.205043,0.801470,3.712517,1.876875,3.201600,8.136174,10.379234,4.427000
Lip Pursing,test,Ensemble-nnU-Net (Baseline),3,23,15,0.7813 ± 0.1646,0.7038 ± 0.2351,0.7316 ± 0.2062,3.6887 ± 2.2593,8.0139 ± 9.2249,0.781322,0.164646,0.850100,0.703826,0.235071,0.821700,0.731570,0.206197,0.818620,3.688713,2.259296,3.000000,8.013913,9.224949,4.819000
Lip Pursing,test,Ensemble-nnU-Net (Baseline),mean ± SD across 3 runs,23,15,0.7770 ± 0.0057,0.7063 ± 0.0108,0.7311 ± 0.0029,3.6367 ± 0.1113,7.9899 ± 0.1596,0.776965,0.005675,,0.706261,0.010820,,0.731082,0.002942,,3.636748,0.111260,,7.989928,0.159597,
Lip Pursing,all,P(4x6) (State-of-the-Art),1,155,98,0.8530 ± 0.1177,0.8385 ± 0.1169,0.8418 ± 0.1183,2.5959 ± 2.0330,3.6034 ± 4.3762,0.853047,0.117735,0.884600,0.838467,0.116940,0.866100,0.841790,0.118350,0.866850,2.595878,2.033031,2.000000,3.603439,4.376169,2.345000
Lip Pursing,all,P(4x6) (State-of-the-Art),2,155,98,0.8515 ± 0.1185,0.8225 ± 0.1329,0.8333 ± 0.1242,2.5590 ± 1.9561,3.7399 ± 4.5474,0.851486,0.118473,0.875700,0.822457,0.132893,0.848800,0.833279,0.124191,0.857166,2.558957,1.956123,2.061600,3.739935,4.547438,2.464000
Lip Pursing,all,P(4x6) (State-of-the-Art),3,155,98,0.8543 ± 0.1185,0.8363 ± 0.1235,0.8419 ± 0.1208,2.4716 ± 1.9588,3.5061 ± 4.2470,0.854302,0.118496,0.882100,0.836270,0.123486,0.863200,0.841939,0.120838,0.867776,2.471621,1.958782,2.061600,3.506142,4.247019,2.257000
Lip Pursing,all,P(4x6) (State-of-the-Art),mean ± SD across 3 runs,155,98,0.8529 ± 0.0014,0.8324 ± 0.0087,0.8390 ± 0.0050,2.5422 ± 0.0638,3.6165 ± 0.1174,0.852945,0.001411,,0.832398,0.008679,,0.839003,0.004957,,2.542152,0.063810,,3.616505,0.117443,
Lip Pursing,all,P(3x4) (Patch-Based Core),1,155,98,0.8521 ± 0.1071,0.7465 ± 0.1898,0.7863 ± 0.1523,2.9637 ± 2.0797,3.6409 ± 4.6222,0.852115,0.107138,0.877700,0.746528,0.189835,0.786000,0.786258,0.152254,0.824378,2.963705,2.079664,2.449500,3.640916,4.622248,2.253000
Lip Pursing,all,P(3x4) (Patch-Based Core),2,155,98,0.8453 ± 0.1061,0.7145 ± 0.2072,0.7598 ± 0.1658,3.0051 ± 2.0560,3.8954 ± 4.3401,0.845314,0.106065,0.867600,0.714490,0.207163,0.760300,0.759798,0.165818,0.799818,3.005117,2.056012,2.598100,3.895394,4.340064,2.613000
Lip Pursing,all,P(3x4) (Patch-Based Core),3,155,98,0.8507 ± 0.1078,0.7343 ± 0.1933,0.7781 ± 0.1524,2.8662 ± 1.9778,3.7058 ± 4.5044,0.850679,0.107845,0.872000,0.734325,0.193315,0.780900,0.778119,0.152391,0.808578,2.866177,1.977837,2.345200,3.705819,4.504382,2.461000
Lip Pursing,all,P(3x4) (Patch-Based Core),mean ± SD across 3 runs,155,98,0.8494 ± 0.0036,0.7318 ± 0.0162,0.7747 ± 0.0136,2.9450 ± 0.0713,3.7474 ± 0.1322,0.849369,0.003585,,0.731781,0.016170,,0.774725,0.013552,,2.945000,0.071333,,3.747376,0.132231,
Lip Pursing,all,DUCK-Net (Multi-Scale),1,155,98,0.7949 ± 0.1509,0.8240 ± 0.1244,0.8037 ± 0.1376,3.4162 ± 1.9716,5.5865 ± 7.4752,0.794917,0.150868,0.828700,0.823961,0.124374,0.858100,0.803651,0.137643,0.839330,3.416179,1.971566,2.958000,5.586523,7.475174,3.492000
Lip Pursing,all,DUCK-Net (Multi-Scale),2,155,98,0.7948 ± 0.1590,0.8272 ± 0.1206,0.8045 ± 0.1420,3.4397 ± 2.3701,5.6051 ± 7.9728,0.794817,0.158969,0.840900,0.827246,0.120579,0.863500,0.804518,0.142035,0.849393,3.439710,2.370135,2.828400,5.605090,7.972766,3.120000
Lip Pursing,all,DUCK-Net (Multi-Scale),3,155,98,0.8037 ± 0.1481,0.8207 ± 0.1337,0.8072 ± 0.1409,3.3450 ± 2.1109,5.5996 ± 8.2418,0.803712,0.148057,0.841500,0.820668,0.133741,0.859000,0.807157,0.140912,0.842308,3.345010,2.110871,2.828400,5.599594,8.241825,3.446000
Lip Pursing,all,DUCK-Net (Multi-Scale),mean ± SD across 3 runs,155,98,0.7978 ± 0.0051,0.8240 ± 0.0033,0.8051 ± 0.0018,3.4003 ± 0.0493,5.5971 ± 0.0095,0.797815,0.005107,,0.823958,0.003289,,0.805109,0.001826,,3.400300,0.049307,,5.597069,0.009538,
Lip Pursing,all,3DZ-Net (Variational Dense),1,155,98,0.8437 ± 0.1321,0.7341 ± 0.1810,0.7762 ± 0.1596,3.4842 ± 2.2071,3.6806 ± 5.4286,0.843738,0.132092,0.872600,0.734052,0.180998,0.763100,0.776176,0.159585,0.808264,3.484160,2.207057,3.041400,3.680626,5.428633,1.758000
Lip Pursing,all,3DZ-Net (Variational Dense),2,155,98,0.8561 ± 0.1099,0.7408 ± 0.1875,0.7841 ± 0.1560,3.4098 ± 1.9617,3.3766 ± 5.0283,0.856121,0.109874,0.873500,0.740781,0.187525,0.774800,0.784135,0.155977,0.828035,3.409803,1.961651,3.041400,3.376594,5.028321,1.664000
Lip Pursing,all,3DZ-Net (Variational Dense),3,155,98,0.8479 ± 0.1124,0.7412 ± 0.1826,0.7830 ± 0.1534,3.4471 ± 2.0129,3.2916 ± 4.8967,0.847903,0.112356,0.871400,0.741247,0.182605,0.776700,0.783007,0.153387,0.820485,3.447102,2.012877,3.000000,3.291645,4.896682,1.570000
Lip Pursing,all,3DZ-Net (Variational Dense),mean ± SD across 3 runs,155,98,0.8493 ± 0.0063,0.7387 ± 0.0040,0.7811 ± 0.0043,3.4470 ± 0.0372,3.4496 ± 0.2045,0.849254,0.006301,,0.738693,0.004026,,0.781106,0.004307,,3.447022,0.037178,,3.449622,0.204515,
Lip Pursing,all,Ensemble-nnU-Net (Baseline),1,155,98,0.8152 ± 0.1351,0.7532 ± 0.1762,0.7748 ± 0.1522,3.4537 ± 2.1711,5.1707 ± 6.0302,0.815232,0.135095,0.849700,0.753237,0.176159,0.803000,0.774823,0.152218,0.809325,3.453723,2.171054,2.958000,5.170690,6.030195,3.195000
Lip Pursing,all,Ensemble-nnU-Net (Baseline),2,155,98,0.8115 ± 0.1329,0.7558 ± 0.1833,0.7746 ± 0.1559,3.4090 ± 2.0831,5.2808 ± 6.1441,0.811494,0.132924,0.844100,0.755843,0.183275,0.813200,0.774618,0.155893,0.815670,3.408959,2.083091,2.872300,5.280787,6.144113,3.452000
Lip Pursing,all,Ensemble-nnU-Net (Baseline),3,155,98,0.8146 ± 0.1316,0.7563 ± 0.1766,0.7769 ± 0.1532,3.4614 ± 2.3426,5.0917 ± 5.5857,0.814626,0.131648,0.848200,0.756308,0.176599,0.805000,0.776907,0.153169,0.818620,3.461399,2.342648,2.828400,5.091690,5.585690,3.372000
Lip Pursing,all,Ensemble-nnU-Net (Baseline),mean ± SD across 3 runs,155,98,0.8138 ± 0.0020,0.7551 ± 0.0017,0.7754 ± 0.0013,3.4414 ± 0.0283,5.1811 ± 0.0950,0.813784,0.002006,,0.755129,0.001655,,0.775449,0.001267,,3.441360,0.028321,,5.181056,0.094974,
