Task,Metric,Reference,Comparator,n,mean_ref,mean_comp,median_diff_ref_minus_comp,ci95_lo,ci95_hi,r_rb,z_signed,wins_ref,ties,losses_ref,test_method,p_raw,sig_raw,p_raw_run1,p_raw_run2,p_raw_run3,holm_family,p_holm,sig
Finger Tapping,Precision,P(4x6) (State-of-the-Art),P(3x4) (Patch-Based Core),23,0.92903,0.922812,0.00416667,0.00176667,0.0081,0.695652,2.92,18,0,5,normal approx (tie-corrected),0.00350027,**,0.177847,0.180762,4.58487e-05,"within task (4 comparators x 4 metrics, m = 16)",0.0175013,*
Finger Tapping,Precision,P(4x6) (State-of-the-Art),DUCK-Net (Multi-Scale),23,0.92903,0.858552,0.0427,0.0296667,0.0715,0.862319,3.96566,19,0,4,exact,7.31945e-05,***,0.000304699,4.02927e-05,8.84533e-05,"within task (4 comparators x 4 metrics, m = 16)",0.000951529,***
Finger Tapping,Precision,P(4x6) (State-of-the-Art),3DZ-Net (Variational Dense),23,0.92903,0.910142,0.0104333,0.0009,0.0159,0.688406,2.88959,17,0,6,normal approx (tie-corrected),0.00385747,**,0.00778021,0.00247433,0.0101593,"within task (4 comparators x 4 metrics, m = 16)",0.0175013,*
Finger Tapping,Precision,P(4x6) (State-of-the-Art),Ensemble-nnU-Net (Baseline),23,0.92903,0.868338,0.0363,0.0200667,0.0577333,0.862319,3.96566,20,0,3,exact,7.31945e-05,***,0.000112039,0.000253439,0.00345254,"within task (4 comparators x 4 metrics, m = 16)",0.000951529,***
Finger Tapping,Recall,P(4x6) (State-of-the-Art),P(3x4) (Patch-Based Core),23,0.89153,0.788759,0.0556,0.0232667,0.182633,0.884058,4.10579,20,0,3,exact,4.02927e-05,***,0.000475168,6.03199e-05,4.02927e-05,"within task (4 comparators x 4 metrics, m = 16)",0.000564098,***
Finger Tapping,Recall,P(4x6) (State-of-the-Art),DUCK-Net (Multi-Scale),23,0.89153,0.831484,0.0216667,0.00766667,0.0536667,0.695652,3.03371,18,0,5,exact,0.00241566,**,0.189542,0.00111842,0.0135286,"within task (4 comparators x 4 metrics, m = 16)",0.0144939,*
Finger Tapping,Recall,P(4x6) (State-of-the-Art),3DZ-Net (Variational Dense),23,0.89153,0.77221,0.0847,0.0545667,0.138721,0.927536,4.41179,21,0,2,exact,1.0252e-05,***,0.000152588,0.000206574,1.0252e-05,"within task (4 comparators x 4 metrics, m = 16)",0.00015378,***
Finger Tapping,Recall,P(4x6) (State-of-the-Art),Ensemble-nnU-Net (Baseline),23,0.89153,0.784264,0.058,0.0345667,0.151933,0.855072,3.92026,20,0,3,exact,8.84533e-05,***,0.000418177,0.000475168,0.000551701,"within task (4 comparators x 4 metrics, m = 16)",0.000972986,***
Finger Tapping,HD95_mm,P(4x6) (State-of-the-Art),P(3x4) (Patch-Based Core),23,1.31302,1.75103,-0.272367,-0.493333,-0.0355667,0.761905,3.13993,17,3,3,exact,0.00168991,**,0.0048163,0.00895831,0.00132325,"within task (4 comparators x 4 metrics, m = 16)",0.0118294,*
Finger Tapping,HD95_mm,P(4x6) (State-of-the-Art),DUCK-Net (Multi-Scale),23,1.31302,2.27943,-0.6445,-0.805709,-0.425667,0.847826,3.87512,20,0,3,exact,0.000106573,***,0.00783355,0.00014109,0.000965457,"within task (4 comparators x 4 metrics, m = 16)",0.00106573,**
Finger Tapping,HD95_mm,P(4x6) (State-of-the-Art),3DZ-Net (Variational Dense),23,1.31302,1.79142,-0.4267,-0.542267,-0.1528,0.849802,3.79712,18,1,4,exact,0.000146389,***,0.00459954,0.000515552,0.00391769,"within task (4 comparators x 4 metrics, m = 16)",0.0013175,**
Finger Tapping,HD95_mm,P(4x6) (State-of-the-Art),Ensemble-nnU-Net (Baseline),23,1.31302,2.16972,-0.632433,-0.914833,-0.2865,0.968379,4.64885,21,1,1,exact,3.33786e-06,***,4.76837e-05,0.000389774,0.000122529,"within task (4 comparators x 4 metrics, m = 16)",5.34058e-05,***
Finger Tapping,SSR_pct,P(4x6) (State-of-the-Art),P(3x4) (Patch-Based Core),23,1.69178,1.76646,0.00166667,-0.0436667,0.0149417,0.123188,0.492922,11,0,12,exact,0.622068,ns,0.41004,0.0635364,0.030087,"within task (4 comparators x 4 metrics, m = 16)",0.622068,ns
Finger Tapping,SSR_pct,P(4x6) (State-of-the-Art),DUCK-Net (Multi-Scale),23,1.69178,4.61125,-0.896667,-2.84867,-0.146,0.797101,3.57571,19,0,4,exact,0.000349283,***,0.00241566,0.000152588,0.000214815,"within task (4 comparators x 4 metrics, m = 16)",0.00279427,**
Finger Tapping,SSR_pct,P(4x6) (State-of-the-Art),3DZ-Net (Variational Dense),23,1.69178,2.18701,-0.144333,-0.261,0.0123333,0.572464,2.43565,15,0,8,exact,0.0148652,*,0.0802028,0.142417,0.0213723,"within task (4 comparators x 4 metrics, m = 16)",0.0405858,*
Finger Tapping,SSR_pct,P(4x6) (State-of-the-Art),Ensemble-nnU-Net (Baseline),23,1.69178,3.40057,-0.320667,-0.757,0.0236667,0.57971,2.46954,15,0,8,exact,0.0135286,*,0.00826216,0.0484409,0.100486,"within task (4 comparators x 4 metrics, m = 16)",0.0405858,*
Foot Movement,Precision,P(4x6) (State-of-the-Art),P(3x4) (Patch-Based Core),23,0.896017,0.878968,0.00813333,-0.000966667,0.0206,0.608696,2.60654,16,0,7,exact,0.00914621,**,0.0562527,0.160105,0.00101981,"within task (4 comparators x 4 metrics, m = 16)",0.0457311,*
Foot Movement,Precision,P(4x6) (State-of-the-Art),DUCK-Net (Multi-Scale),23,0.896017,0.816552,0.0321667,0.0127667,0.0779383,0.84058,3.83067,20,0,3,exact,0.000127792,***,0.00109148,0.000849485,0.000849485,"within task (4 comparators x 4 metrics, m = 16)",0.00127792,**
Foot Movement,Precision,P(4x6) (State-of-the-Art),3DZ-Net (Variational Dense),23,0.896017,0.874055,0.0195,-0.00223333,0.0364333,0.608696,2.60654,16,0,7,exact,0.00914621,**,0.0243959,0.0354314,0.0178728,"within task (4 comparators x 4 metrics, m = 16)",0.0457311,*
Foot Movement,Precision,P(4x6) (State-of-the-Art),Ensemble-nnU-Net (Baseline),23,0.896017,0.837097,0.0636667,0.0155667,0.0844,0.913043,4.30512,21,0,2,exact,1.66893e-05,***,1.66893e-05,0.000181437,6.03199e-05,"within task (4 comparators x 4 metrics, m = 16)",0.000216961,***
Foot Movement,Recall,P(4x6) (State-of-the-Art),P(3x4) (Patch-Based Core),23,0.869068,0.74781,0.0802333,0.0402333,0.119267,0.934783,4.46875,20,0,3,exact,7.86781e-06,***,0.000349283,2.6226e-05,2.09808e-05,"within task (4 comparators x 4 metrics, m = 16)",0.000118017,***
Foot Movement,Recall,P(4x6) (State-of-the-Art),DUCK-Net (Multi-Scale),23,0.869068,0.807286,-0.0007,-0.021,0.0786667,0.246377,1.00571,11,0,12,exact,0.314554,ns,0.344685,0.916847,0.142417,"within task (4 comparators x 4 metrics, m = 16)",0.468942,ns
Foot Movement,Recall,P(4x6) (State-of-the-Art),3DZ-Net (Variational Dense),23,0.869068,0.74643,0.108333,0.0647333,0.1693,0.934783,4.46875,20,0,3,exact,7.86781e-06,***,0.000106573,3.26633e-05,4.02927e-05,"within task (4 comparators x 4 metrics, m = 16)",0.000118017,***
Foot Movement,Recall,P(4x6) (State-of-the-Art),Ensemble-nnU-Net (Baseline),23,0.869068,0.756122,0.116167,0.0317,0.1398,0.855072,3.92026,19,0,4,exact,8.84533e-05,***,0.000214815,0.000407934,4.02927e-05,"within task (4 comparators x 4 metrics, m = 16)",0.000972986,***
Foot Movement,HD95_mm,P(4x6) (State-of-the-Art),P(3x4) (Patch-Based Core),23,1.59497,1.97016,-0.1901,-0.468967,-0.130633,0.731884,3.22073,19,0,4,exact,0.00127864,**,0.0325234,0.00126171,0.00215149,"within task (4 comparators x 4 metrics, m = 16)",0.00895047,**
Foot Movement,HD95_mm,P(4x6) (State-of-the-Art),DUCK-Net (Multi-Scale),23,1.59497,2.59582,-0.348067,-0.8481,-0.195533,0.715415,3.06251,19,1,3,exact,0.00219488,**,0.00473252,0.0249589,0.00868016,"within task (4 comparators x 4 metrics, m = 16)",0.0131693,*
Foot Movement,HD95_mm,P(4x6) (State-of-the-Art),3DZ-Net (Variational Dense),23,1.59497,2.13827,-0.511867,-0.6949,-0.1474,0.833333,3.49792,20,0,3,normal approx (tie-corrected),0.000468898,***,0.000275969,0.00313051,0.00327873,"within task (4 comparators x 4 metrics, m = 16)",0.00422009,**
Foot Movement,HD95_mm,P(4x6) (State-of-the-Art),Ensemble-nnU-Net (Baseline),23,1.59497,2.33703,-0.6511,-0.858233,-0.460667,0.992754,5.03541,22,0,1,exact,4.76837e-07,***,0.000122529,0.000510216,2.6987e-05,"within task (4 comparators x 4 metrics, m = 16)",7.62939e-06,***
Foot Movement,SSR_pct,P(4x6) (State-of-the-Art),P(3x4) (Patch-Based Core),23,2.86959,3.27516,-0.102,-0.438667,0.055,0.289855,1.18892,13,0,10,exact,0.234471,ns,0.179334,0.893212,0.179334,"within task (4 comparators x 4 metrics, m = 16)",0.468942,ns
Foot Movement,SSR_pct,P(4x6) (State-of-the-Art),DUCK-Net (Multi-Scale),23,2.86959,6.68381,-0.775333,-5.26733,-0.0733333,0.73913,3.25891,17,0,6,exact,0.00111842,**,0.0101092,0.00145841,0.00111842,"within task (4 comparators x 4 metrics, m = 16)",0.00894737,**
Foot Movement,SSR_pct,P(4x6) (State-of-the-Art),3DZ-Net (Variational Dense),23,2.86959,3.97729,-0.644,-0.915333,0.0116667,0.572464,2.43565,16,0,7,exact,0.0148652,*,0.0213723,0.118646,0.00671053,"within task (4 comparators x 4 metrics, m = 16)",0.0457311,*
Foot Movement,SSR_pct,P(4x6) (State-of-the-Art),Ensemble-nnU-Net (Baseline),23,2.86959,5.02339,-1.15667,-2.35267,-0.279333,0.884058,4.10579,19,0,4,exact,4.02927e-05,***,3.26633e-05,0.000407934,7.31945e-05,"within task (4 comparators x 4 metrics, m = 16)",0.000483513,***
Lip Pursing,Precision,P(4x6) (State-of-the-Art),P(3x4) (Patch-Based Core),23,0.834165,0.819729,0.0143333,0.00933333,0.0188333,0.942029,4.52779,21,0,2,exact,5.96046e-06,***,0.00247433,0.00671053,2.6226e-05,"within task (4 comparators x 4 metrics, m = 16)",7.7486e-05,***
Lip Pursing,Precision,P(4x6) (State-of-the-Art),DUCK-Net (Multi-Scale),23,0.834165,0.756084,0.0716333,0.0076,0.106933,0.804348,3.61701,18,0,5,exact,0.000298023,***,4.02927e-05,0.000638723,0.00241566,"within task (4 comparators x 4 metrics, m = 16)",0.00238419,**
Lip Pursing,Precision,P(4x6) (State-of-the-Art),3DZ-Net (Variational Dense),23,0.834165,0.805406,0.0175667,0.0039,0.0257,0.753623,3.33615,18,0,5,exact,0.000849485,***,0.000152588,0.329405,0.0254226,"within task (4 comparators x 4 metrics, m = 16)",0.00424743,**
Lip Pursing,Precision,P(4x6) (State-of-the-Art),Ensemble-nnU-Net (Baseline),23,0.834165,0.776965,0.0569333,0.00673333,0.0817,0.862319,3.96566,20,0,3,exact,7.31945e-05,***,5.96046e-06,0.00272632,0.000127792,"within task (4 comparators x 4 metrics, m = 16)",0.000878334,***
Lip Pursing,Recall,P(4x6) (State-of-the-Art),P(3x4) (Patch-Based Core),23,0.8012,0.692964,0.0852,0.0411983,0.158033,0.775362,3.45431,18,0,5,exact,0.000551701,***,0.00145841,0.00145841,0.000214815,"within task (4 comparators x 4 metrics, m = 16)",0.0033102,**
Lip Pursing,Recall,P(4x6) (State-of-the-Art),DUCK-Net (Multi-Scale),23,0.8012,0.776625,-0.0024,-0.0288667,0.0453667,0.0652174,0.253642,10,0,13,exact,0.799773,ns,0.542966,0.664999,0.286143,"within task (4 comparators x 4 metrics, m = 16)",1,ns
Lip Pursing,Recall,P(4x6) (State-of-the-Art),3DZ-Net (Variational Dense),23,0.8012,0.703258,0.0736667,0.04,0.1606,0.826087,3.74355,20,0,3,exact,0.000181437,***,0.000407934,0.00307083,0.000638723,"within task (4 comparators x 4 metrics, m = 16)",0.00181437,**
Lip Pursing,Recall,P(4x6) (State-of-the-Art),Ensemble-nnU-Net (Baseline),23,0.8012,0.706261,0.0575667,0.0199333,0.143767,0.804348,3.61701,18,0,5,exact,0.000298023,***,0.000214815,0.00485134,0.000551701,"within task (4 comparators x 4 metrics, m = 16)",0.00238419,**
Lip Pursing,HD95_mm,P(4x6) (State-of-the-Art),P(3x4) (Patch-Based Core),23,2.56238,3.12736,-0.501133,-0.661333,-0.0690333,0.73913,3.18355,16,1,6,exact,0.00145483,**,0.0459929,0.00137424,0.000292778,"within task (4 comparators x 4 metrics, m = 16)",0.00581932,**
Lip Pursing,HD95_mm,P(4x6) (State-of-the-Art),DUCK-Net (Multi-Scale),23,2.56238,3.92714,-0.934167,-1.87883,-0.649533,0.949275,4.58546,21,0,2,exact,4.52995e-06,***,0.000232848,4.76837e-07,0.000106573,"within task (4 comparators x 4 metrics, m = 16)",6.34193e-05,***
Lip Pursing,HD95_mm,P(4x6) (State-of-the-Art),3DZ-Net (Variational Dense),23,2.56238,3.33827,-0.642233,-1.19447,-0.246133,0.811594,3.65876,20,0,3,exact,0.000253439,***,0.00664949,0.0276742,0.00272632,"within task (4 comparators x 4 metrics, m = 16)",0.00228095,**
Lip Pursing,HD95_mm,P(4x6) (State-of-the-Art),Ensemble-nnU-Net (Baseline),23,2.56238,3.63675,-0.8612,-1.06707,-0.534867,0.978261,4.85695,21,0,2,exact,1.19209e-06,***,0.00250483,4.76837e-07,0.00012752,"within task (4 comparators x 4 metrics, m = 16)",1.90735e-05,***
Lip Pursing,SSR_pct,P(4x6) (State-of-the-Art),P(3x4) (Patch-Based Core),23,4.80283,5.74499,-0.332,-1.08333,-0.127333,0.536232,2.26807,16,0,7,exact,0.0233247,*,0.0979881,0.0354314,0.0586901,"within task (4 comparators x 4 metrics, m = 16)",0.0699742,ns
Lip Pursing,SSR_pct,P(4x6) (State-of-the-Art),DUCK-Net (Multi-Scale),23,4.80283,9.13477,-1.77767,-3.36833,-0.204,0.847826,3.87512,19,0,4,exact,0.000106573,***,0.000253439,6.03199e-05,0.000298023,"within task (4 comparators x 4 metrics, m = 16)",0.0011723,**
Lip Pursing,SSR_pct,P(4x6) (State-of-the-Art),3DZ-Net (Variational Dense),23,4.80283,6.0782,-0.0346667,-1.17233,0.762667,0.152174,0.612936,12,0,11,exact,0.539919,ns,0.0984106,0.481952,0.601046,"within task (4 comparators x 4 metrics, m = 16)",1,ns
Lip Pursing,SSR_pct,P(4x6) (State-of-the-Art),Ensemble-nnU-Net (Baseline),23,4.80283,7.98993,-1.91833,-3.15,-0.671,0.956522,4.64885,20,0,3,exact,3.33786e-06,***,2.38419e-06,0.00127864,3.33786e-06,"within task (4 comparators x 4 metrics, m = 16)",5.00679e-05,***
