Block,Model,Run,n_subjects,Subject_Specificity,Voxel_Specificity,Fall_Out_FPR,Mean_FP_Vol_cm3,subject_spec_mean,subject_spec_sd,voxel_spec_mean,voxel_spec_sd,fpv_cm3_mean,fpv_cm3_sd,spurious_cm3_mean,fp_components_mean
multi-run,DUCK-Net,1-3,36,86.1% ± 2.8%,99.64% ± 0.16%,0.36%,0.52 ± 0.22,0.8611111111111112,0.027777777777777735,0.9963700495555473,0.0015782927923208656,0.5150671296296295,0.2239498171381829,0.45571412037037035,10.481481481481481
per run,DUCK-Net,1,36,86.1%,99.65%,0.35%,0.50,0.8611111111111112,,0.9965026882896597,,0.4962465277777778,,0.44047569444444445,10.305555555555555
per run,DUCK-Net,2,36,83.3%,99.47%,0.53%,0.75,0.8333333333333334,,0.9947296230247465,,0.7478333333333333,,0.69159375,9.833333333333334
per run,DUCK-Net,3,36,88.9%,99.79%,0.21%,0.30,0.8888888888888888,,0.9978778373522356,,0.3011215277777778,,0.23507291666666666,11.305555555555555
multi-run,Ensemble-nnUnet,1-3,36,91.7% ± 2.8%,99.77% ± 0.17%,0.23%,0.33 ± 0.24,0.9166666666666666,0.02777777777777779,0.9976693153302904,0.0017022325253603493,0.3307094907407408,0.2415360854689978,0.2801064814814815,9.62037037037037
per run,Ensemble-nnUnet,1,36,91.7%,99.80%,0.20%,0.29,0.9166666666666666,,0.9979646834626897,,0.2887986111111111,,0.23590972222222223,8.972222222222221
per run,Ensemble-nnUnet,2,36,94.4%,99.92%,0.08%,0.11,0.9444444444444444,,0.9992045346541185,,0.11287152777777777,,0.06069444444444444,10.25
per run,Ensemble-nnUnet,3,36,88.9%,99.58%,0.42%,0.59,0.8888888888888888,,0.995838727874063,,0.5904583333333334,,0.5437152777777778,9.63888888888889
multi-run,IEGResUNet,1-3,36,95.4% ± 1.6%,99.78% ± 0.19%,0.22%,0.31 ± 0.27,0.9537037037037037,0.016037507477489613,0.9978245159448872,0.0018849088360272696,0.3086875,0.2674567046141764,0.2645949074074074,7.851851851851852
per run,IEGResUNet,1,36,94.4%,99.59%,0.41%,0.58,0.9444444444444444,,0.995909717044654,,0.5803854166666667,,0.5344097222222222,8.11111111111111
per run,IEGResUNet,2,36,94.4%,99.79%,0.21%,0.30,0.9444444444444444,,0.9978857902927534,,0.29999305555555555,,0.25568402777777777,7.361111111111111
per run,IEGResUNet,3,36,97.2%,99.97%,0.03%,0.05,0.9722222222222222,,0.9996780404972541,,0.04568402777777778,,0.0036909722222222222,8.083333333333334
multi-run,PAGODA-Net (3x6),1-3,36,96.3% ± 1.6%,99.92% ± 0.03%,0.08%,0.11 ± 0.05,0.9629629629629629,0.016037507477489613,0.9991940857138074,0.00033965297685034114,0.11435416666666666,0.048194620431755215,0.07393287037037037,7.592592592592593
per run,PAGODA-Net (3x6),1,36,94.4%,99.88%,0.12%,0.17,0.9444444444444444,,0.9988301102145415,,0.166,,0.12831597222222224,7.527777777777778
per run,PAGODA-Net (3x6),2,36,97.2%,99.95%,0.05%,0.07,0.9722222222222222,,0.9995025863941387,,0.07057986111111111,,0.026020833333333333,7.888888888888889
per run,PAGODA-Net (3x6),3,36,97.2%,99.92%,0.08%,0.11,0.9722222222222222,,0.9992495605327423,,0.10648263888888888,,0.06746180555555556,7.361111111111111
multi-run,PAGODA-Net (4x6),1-3,36,100.0% ± 0.0%,99.98% ± 0.01%,0.02%,0.03 ± 0.01,1.0,0.0,0.9997567297456387,5.307435102453011e-05,0.03451851851851852,0.007530916484256732,0.0,6.4259259259259265
per run,PAGODA-Net (4x6),1,36,100.0%,99.98%,0.02%,0.03,1.0,,0.999809202839332,,0.02707291666666667,,0.0,4.361111111111111
per run,PAGODA-Net (4x6),2,36,100.0%,99.97%,0.03%,0.04,1.0,,0.9997030739069455,,0.042131944444444444,,0.0,8.833333333333334
per run,PAGODA-Net (4x6),3,36,100.0%,99.98%,0.02%,0.03,1.0,,0.9997579124906387,,0.03435069444444444,,0.0,6.083333333333333
