Run,Cohort,Model,n,n_HD95_undefined,Precision,Recall,Dice,IoU,HD95_mm,NSD_1mm,NSD_2mm,Precision_mean,Precision_sd,Precision_median,Precision_q25,Precision_q75,Precision_n,Recall_mean,Recall_sd,Recall_median,Recall_q25,Recall_q75,Recall_n,Dice_mean,Dice_sd,Dice_median,Dice_q25,Dice_q75,Dice_n,IoU_mean,IoU_sd,IoU_median,IoU_q25,IoU_q75,IoU_n,HD95_mm_mean,HD95_mm_sd,HD95_mm_median,HD95_mm_q25,HD95_mm_q75,HD95_mm_n,NSD_1mm_mean,NSD_1mm_sd,NSD_1mm_median,NSD_1mm_q25,NSD_1mm_q75,NSD_1mm_n,NSD_2mm_mean,NSD_2mm_sd,NSD_2mm_median,NSD_2mm_q25,NSD_2mm_q75,NSD_2mm_n,TP,FN,FP,TN,sensitivity_patient,sensitivity_ci95,specificity_patient,specificity_ci95,n_GT_absent,FP_rate_GT_absent,FP_Vol_GT_absent_median_cm3,GT_lesions_total,FN_lesions_total,FP_lesions_total,lesion_detection_rate
1,all,"Ensemble (DeepSeg, nnU-Net, DeepSCAN)",130,31,0.8727 ± 0.2357,0.8731 ± 0.2366,0.8719 ± 0.2346,0.8213 ± 0.2387,3.1117 ± 4.5082,0.8564 ± 0.0895,0.9588 ± 0.0466,0.872652,0.235650,0.948500,0.876475,0.976075,130.000000,0.873076,0.236604,0.948200,0.889450,0.981975,130.000000,0.871925,0.234606,0.950438,0.879760,0.975952,130.000000,0.821316,0.238704,0.905558,0.785331,0.953033,130.000000,3.111669,4.508165,1.732100,1.414200,2.638950,99.000000,0.856377,0.089548,0.877800,0.802650,0.923850,99.000000,0.958818,0.046609,0.980800,0.942150,0.990650,99.000000,99,4,4,23,0.961165,0.904-0.985,0.851852,0.675-0.941,27.000000,0.148148,0.548000,157.000000,17.000000,135.000000,0.891720
1,all,PAGODA Net (RA-I 3x6),130,28,0.9223 ± 0.1595,0.9102 ± 0.1629,0.9147 ± 0.1592,0.8678 ± 0.1771,2.7220 ± 2.4063,0.8355 ± 0.0979,0.9548 ± 0.0534,0.922318,0.159542,0.962500,0.914125,0.994550,130.000000,0.910209,0.162925,0.960800,0.904500,0.985500,130.000000,0.914683,0.159241,0.959747,0.907568,0.987395,130.000000,0.867833,0.177144,0.922612,0.830777,0.975105,130.000000,2.722012,2.406332,1.866050,1.720175,2.828400,102.000000,0.835521,0.097935,0.854450,0.780425,0.911225,102.000000,0.954809,0.053403,0.974300,0.937400,0.988800,102.000000,102,1,2,25,0.990291,0.947-0.998,0.925926,0.766-0.979,27.000000,0.074074,1.020500,157.000000,16.000000,102.000000,0.898089
1,all,PAGODA Net (RA-I 4x6),130,29,0.9345 ± 0.1563,0.9290 ± 0.1554,0.9311 ± 0.1545,0.8944 ± 0.1665,2.1879 ± 1.7649,0.8721 ± 0.0987,0.9700 ± 0.0371,0.934498,0.156268,0.973550,0.943750,0.993200,130.000000,0.929025,0.155392,0.970300,0.933300,0.990925,130.000000,0.931086,0.154453,0.967969,0.938154,0.989373,130.000000,0.894352,0.166506,0.937926,0.883513,0.978970,130.000000,2.187868,1.764890,1.414200,1.414200,2.236100,101.000000,0.872094,0.098746,0.907400,0.828800,0.945600,101.000000,0.970000,0.037141,0.984000,0.964800,0.994000,101.000000,101,2,1,26,0.980583,0.932-0.995,0.962963,0.817-0.993,27.000000,0.037037,0.122000,157.000000,10.000000,101.000000,0.936306
1,GT-present,"Ensemble (DeepSeg, nnU-Net, DeepSCAN)",103,4,0.8781 ± 0.1915,0.8786 ± 0.1930,0.8772 ± 0.1899,0.8133 ± 0.1958,3.1117 ± 4.5082,0.8564 ± 0.0895,0.9588 ± 0.0466,0.878105,0.191520,0.941100,0.866950,0.965300,103.000000,0.878640,0.192987,0.934500,0.874500,0.967450,103.000000,0.877188,0.189918,0.933535,0.871896,0.962389,103.000000,0.813312,0.195819,0.875355,0.772888,0.927508,103.000000,3.111669,4.508165,1.732100,1.414200,2.638950,99.000000,0.856377,0.089548,0.877800,0.802650,0.923850,99.000000,0.958818,0.046609,0.980800,0.942150,0.990650,99.000000,99,4,4,23,0.961165,0.904-0.985,0.851852,0.675-0.941,27.000000,0.148148,0.548000,157.000000,17.000000,131.000000,0.891720
1,GT-present,PAGODA Net (RA-I 3x6),103,1,0.9214 ± 0.1185,0.9061 ± 0.1238,0.9117 ± 0.1178,0.8526 ± 0.1428,2.7220 ± 2.4063,0.8355 ± 0.0979,0.9548 ± 0.0534,0.921372,0.118455,0.949800,0.906150,0.980400,103.000000,0.906089,0.123827,0.945900,0.892150,0.971400,103.000000,0.911736,0.117781,0.941514,0.895652,0.969964,103.000000,0.852605,0.142842,0.889492,0.811025,0.941680,103.000000,2.722012,2.406332,1.866050,1.720175,2.828400,102.000000,0.835521,0.097935,0.854450,0.780425,0.911225,102.000000,0.954809,0.053403,0.974300,0.937400,0.988800,102.000000,102,1,2,25,0.990291,0.947-0.998,0.925926,0.766-0.979,27.000000,0.074074,1.020500,157.000000,16.000000,97.000000,0.898089
1,GT-present,PAGODA Net (RA-I 4x6),103,2,0.9270 ± 0.1455,0.9201 ± 0.1439,0.9227 ± 0.1428,0.8764 ± 0.1551,2.1879 ± 1.7649,0.8721 ± 0.0987,0.9700 ± 0.0371,0.927036,0.145507,0.964400,0.933350,0.983100,103.000000,0.920129,0.143920,0.958700,0.916500,0.977750,103.000000,0.922730,0.142794,0.960910,0.927329,0.975221,103.000000,0.876367,0.155079,0.924761,0.864503,0.951640,103.000000,2.187868,1.764890,1.414200,1.414200,2.236100,101.000000,0.872094,0.098746,0.907400,0.828800,0.945600,101.000000,0.970000,0.037141,0.984000,0.964800,0.994000,101.000000,101,2,1,26,0.980583,0.932-0.995,0.962963,0.817-0.993,27.000000,0.037037,0.122000,157.000000,10.000000,99.000000,0.936306
2,all,"Ensemble (DeepSeg, nnU-Net, DeepSCAN)",130,30,0.8970 ± 0.2077,0.8932 ± 0.2089,0.8945 ± 0.2072,0.8480 ± 0.2135,3.7523 ± 5.2889,0.8317 ± 0.0986,0.9435 ± 0.0548,0.896968,0.207715,0.957650,0.900375,0.982350,130.000000,0.893168,0.208917,0.953250,0.882425,0.986150,130.000000,0.894473,0.207170,0.954393,0.894717,0.981780,130.000000,0.848022,0.213486,0.912765,0.809509,0.964211,130.000000,3.752265,5.288912,2.023600,1.414200,3.741700,100.000000,0.831703,0.098588,0.852850,0.762000,0.909150,100.000000,0.943536,0.054846,0.964600,0.908050,0.986525,100.000000,100,3,3,24,0.970874,0.918-0.990,0.888889,0.719-0.961,27.000000,0.111111,0.191000,157.000000,12.000000,118.000000,0.923567
2,all,PAGODA Net (RA-I 3x6),130,29,0.8944 ± 0.2220,0.8774 ± 0.2301,0.8845 ± 0.2250,0.8385 ± 0.2318,2.5207 ± 2.6600,0.8443 ± 0.1028,0.9601 ± 0.0521,0.894351,0.221983,0.956000,0.912750,0.989150,130.000000,0.877428,0.230148,0.947750,0.889875,0.985325,130.000000,0.884526,0.224987,0.952093,0.903483,0.984454,130.000000,0.838548,0.231810,0.908565,0.823958,0.969384,130.000000,2.520683,2.660002,1.732100,1.414200,2.236100,101.000000,0.844259,0.102796,0.871600,0.788800,0.923200,101.000000,0.960090,0.052127,0.980200,0.950300,0.990800,101.000000,101,2,5,22,0.980583,0.932-0.995,0.814815,0.633-0.918,27.000000,0.185185,0.403000,157.000000,13.000000,109.000000,0.917197
2,all,PAGODA Net (RA-I 4x6),130,27,0.9359 ± 0.1299,0.9231 ± 0.1432,0.9280 ± 0.1347,0.8844 ± 0.1545,2.5770 ± 2.5040,0.8510 ± 0.1124,0.9582 ± 0.0523,0.935885,0.129939,0.964600,0.925700,0.985875,130.000000,0.923128,0.143244,0.961750,0.922600,0.989375,130.000000,0.928027,0.134681,0.963970,0.927110,0.985746,130.000000,0.884380,0.154486,0.930446,0.864124,0.971893,130.000000,2.577014,2.504034,1.732100,1.414200,2.449500,103.000000,0.850955,0.112353,0.890800,0.805500,0.932500,103.000000,0.958180,0.052266,0.978400,0.939350,0.993500,103.000000,103,0,2,25,1.000000,0.964-1.000,0.925926,0.766-0.979,27.000000,0.074074,0.247500,157.000000,11.000000,100.000000,0.929936
2,GT-present,"Ensemble (DeepSeg, nnU-Net, DeepSCAN)",103,3,0.8991 ± 0.1685,0.8943 ± 0.1704,0.8959 ± 0.1677,0.8373 ± 0.1759,3.7523 ± 5.2889,0.8317 ± 0.0986,0.9435 ± 0.0548,0.899085,0.168525,0.945800,0.893900,0.971850,103.000000,0.894290,0.170440,0.945700,0.877200,0.971400,103.000000,0.895937,0.167709,0.939964,0.887868,0.966866,103.000000,0.837309,0.175894,0.886729,0.798347,0.935858,103.000000,3.752265,5.288912,2.023600,1.414200,3.741700,100.000000,0.831703,0.098588,0.852850,0.762000,0.909150,100.000000,0.943536,0.054846,0.964600,0.908050,0.986525,100.000000,100,3,3,24,0.970874,0.918-0.990,0.888889,0.719-0.961,27.000000,0.111111,0.191000,157.000000,12.000000,115.000000,0.923567
2,GT-present,PAGODA Net (RA-I 3x6),103,2,0.9152 ± 0.1424,0.8938 ± 0.1604,0.9028 ± 0.1498,0.8448 ± 0.1668,2.5207 ± 2.6600,0.8443 ± 0.1028,0.9601 ± 0.0521,0.915200,0.142354,0.949800,0.910550,0.976900,103.000000,0.893842,0.160429,0.942600,0.880350,0.970350,103.000000,0.902800,0.149843,0.940161,0.901868,0.968962,103.000000,0.844769,0.166823,0.887079,0.821276,0.939794,103.000000,2.520683,2.660002,1.732100,1.414200,2.236100,101.000000,0.844259,0.102796,0.871600,0.788800,0.923200,101.000000,0.960090,0.052127,0.980200,0.950300,0.990800,101.000000,101,2,5,22,0.980583,0.932-0.995,0.814815,0.633-0.918,27.000000,0.185185,0.403000,157.000000,13.000000,101.000000,0.917197
2,GT-present,PAGODA Net (RA-I 4x6),103,0,0.9385 ± 0.0563,0.9224 ± 0.0883,0.9286 ± 0.0692,0.8735 ± 0.1070,2.5770 ± 2.5040,0.8510 ± 0.1124,0.9582 ± 0.0523,0.938495,0.056258,0.953400,0.913750,0.976250,103.000000,0.922394,0.088274,0.952600,0.914500,0.974550,103.000000,0.928577,0.069164,0.953497,0.915589,0.970747,103.000000,0.873489,0.107011,0.911127,0.844320,0.943156,103.000000,2.577014,2.504034,1.732100,1.414200,2.449500,103.000000,0.850955,0.112353,0.890800,0.805500,0.932500,103.000000,0.958180,0.052266,0.978400,0.939350,0.993500,103.000000,103,0,2,25,1.000000,0.964-1.000,0.925926,0.766-0.979,27.000000,0.074074,0.247500,157.000000,11.000000,98.000000,0.929936
3,all,"Ensemble (DeepSeg, nnU-Net, DeepSCAN)",130,27,0.9090 ± 0.1426,0.9116 ± 0.1432,0.9084 ± 0.1393,0.8525 ± 0.1658,3.6102 ± 4.3123,0.8276 ± 0.1053,0.9404 ± 0.0619,0.908997,0.142583,0.950100,0.878200,0.978150,130.000000,0.911581,0.143240,0.953900,0.896800,0.983300,130.000000,0.908436,0.139289,0.948448,0.882431,0.980481,130.000000,0.852499,0.165796,0.901951,0.789600,0.961711,130.000000,3.610207,4.312345,2.236100,1.414200,4.000000,103.000000,0.827633,0.105325,0.851200,0.761800,0.908800,103.000000,0.940423,0.061867,0.966300,0.910600,0.990100,103.000000,103,0,2,25,1.000000,0.964-1.000,0.925926,0.766-0.979,27.000000,0.074074,0.481500,157.000000,14.000000,130.000000,0.910828
3,all,PAGODA Net (RA-I 3x6),130,27,0.9305 ± 0.1323,0.9142 ± 0.1444,0.9209 ± 0.1359,0.8725 ± 0.1583,3.0213 ± 2.9925,0.8221 ± 0.1111,0.9474 ± 0.0596,0.930537,0.132253,0.958450,0.919100,0.990250,130.000000,0.914152,0.144396,0.957200,0.899600,0.986950,130.000000,0.920910,0.135919,0.954607,0.902107,0.986457,130.000000,0.872539,0.158316,0.913158,0.821681,0.973276,130.000000,3.021270,2.992463,2.000000,1.414200,3.081150,103.000000,0.822074,0.111084,0.854800,0.756000,0.900850,103.000000,0.947366,0.059609,0.971400,0.921850,0.989200,103.000000,103,0,2,25,1.000000,0.964-1.000,0.925926,0.766-0.979,27.000000,0.074074,0.675500,157.000000,9.000000,110.000000,0.942675
3,all,PAGODA Net (RA-I 4x6),130,29,0.9220 ± 0.1753,0.9156 ± 0.1762,0.9181 ± 0.1745,0.8775 ± 0.1847,2.5288 ± 2.3213,0.8538 ± 0.1022,0.9604 ± 0.0428,0.922042,0.175276,0.968450,0.925850,0.992150,130.000000,0.915569,0.176201,0.959750,0.920775,0.989300,130.000000,0.918102,0.174524,0.962900,0.919266,0.987121,130.000000,0.877500,0.184656,0.928456,0.850597,0.974570,130.000000,2.528804,2.321259,1.732100,1.414200,2.449500,101.000000,0.853758,0.102217,0.874000,0.797300,0.931300,101.000000,0.960390,0.042811,0.973000,0.947100,0.991300,101.000000,101,2,2,25,0.980583,0.932-0.995,0.925926,0.766-0.979,27.000000,0.074074,0.564500,157.000000,12.000000,92.000000,0.923567
3,GT-present,"Ensemble (DeepSeg, nnU-Net, DeepSCAN)",103,0,0.9046 ± 0.0864,0.9078 ± 0.0879,0.9039 ± 0.0792,0.8333 ± 0.1217,3.6102 ± 4.3123,0.8276 ± 0.1053,0.9404 ± 0.0619,0.904559,0.086372,0.935600,0.858450,0.967900,103.000000,0.907820,0.087891,0.941000,0.877650,0.964850,103.000000,0.903851,0.079242,0.935857,0.871928,0.961591,103.000000,0.833251,0.121688,0.879447,0.772937,0.926024,103.000000,3.610207,4.312345,2.236100,1.414200,4.000000,103.000000,0.827633,0.105325,0.851200,0.761800,0.908800,103.000000,0.940423,0.061867,0.966300,0.910600,0.990100,103.000000,103,0,2,25,1.000000,0.964-1.000,0.925926,0.766-0.979,27.000000,0.074074,0.481500,157.000000,14.000000,128.000000,0.910828
3,GT-present,PAGODA Net (RA-I 3x6),103,0,0.9317 ± 0.0629,0.9111 ± 0.0904,0.9196 ± 0.0721,0.8585 ± 0.1122,3.0213 ± 2.9925,0.8221 ± 0.1111,0.9474 ± 0.0596,0.931746,0.062915,0.945400,0.910300,0.973500,103.000000,0.911065,0.090374,0.943200,0.888200,0.975950,103.000000,0.919595,0.072113,0.940818,0.891812,0.969378,103.000000,0.858544,0.112208,0.888250,0.804749,0.940577,103.000000,3.021270,2.992463,2.000000,1.414200,3.081150,103.000000,0.822074,0.111084,0.854800,0.756000,0.900850,103.000000,0.947366,0.059609,0.971400,0.921850,0.989200,103.000000,103,0,2,25,1.000000,0.964-1.000,0.925926,0.766-0.979,27.000000,0.074074,0.675500,157.000000,9.000000,107.000000,0.942675
3,GT-present,PAGODA Net (RA-I 4x6),103,2,0.9210 ± 0.1439,0.9129 ± 0.1452,0.9161 ± 0.1426,0.8648 ± 0.1555,2.5288 ± 2.3213,0.8538 ± 0.1022,0.9604 ± 0.0428,0.921023,0.143852,0.957900,0.916550,0.980400,103.000000,0.912854,0.145168,0.949700,0.911700,0.977950,103.000000,0.916051,0.142637,0.954713,0.912375,0.971292,103.000000,0.864805,0.155514,0.913350,0.838869,0.944187,103.000000,2.528804,2.321259,1.732100,1.414200,2.449500,101.000000,0.853758,0.102217,0.874000,0.797300,0.931300,101.000000,0.960390,0.042811,0.973000,0.947100,0.991300,101.000000,101,2,2,25,0.980583,0.932-0.995,0.925926,0.766-0.979,27.000000,0.074074,0.564500,157.000000,12.000000,89.000000,0.923567
mean±SD across 3 runs,all,"Ensemble (DeepSeg, nnU-Net, DeepSCAN)",130,31,0.8929 ± 0.0185,0.8926 ± 0.0193,0.8916 ± 0.0184,0.8406 ± 0.0169,3.4914 ± 0.3364,0.8386 ± 0.0156,0.9476 ± 0.0098,0.892872,0.018515,0.952083,,,,0.892608,0.019258,0.951783,,,,0.891612,0.018423,0.951093,,,,0.840612,0.016860,0.906758,,,,3.491380,0.336423,1.997267,,,,0.838571,0.015554,0.860617,,,,0.947592,0.009846,0.970567,,,,302,7,9,72,0.977346,0.954-0.989,0.888889,0.802-0.940,,0.111111,,,,,0.908705
mean±SD across 3 runs,all,PAGODA Net (RA-I 3x6),130,28,0.9157 ± 0.0190,0.9006 ± 0.0202,0.9067 ± 0.0195,0.8596 ± 0.0184,2.7547 ± 0.2519,0.8340 ± 0.0112,0.9541 ± 0.0064,0.915735,0.018970,0.958983,,,,0.900596,0.020161,0.955250,,,,0.906706,0.019459,0.955482,,,,0.859640,0.018417,0.914779,,,,2.754655,0.251885,1.866050,,,,0.833951,0.011176,0.860283,,,,0.954088,0.006393,0.975300,,,,306,3,9,72,0.990291,0.972-0.997,0.888889,0.802-0.940,,0.111111,,,,,0.919321
mean±SD across 3 runs,all,PAGODA Net (RA-I 4x6),130,29,0.9308 ± 0.0076,0.9226 ± 0.0067,0.9257 ± 0.0068,0.8854 ± 0.0085,2.4312 ± 0.2121,0.8589 ± 0.0115,0.9629 ± 0.0063,0.930808,0.007624,0.968867,,,,0.922574,0.006745,0.963933,,,,0.925738,0.006788,0.964946,,,,0.885410,0.008473,0.932276,,,,2.431229,0.212130,1.626133,,,,0.858936,0.011481,0.890733,,,,0.962857,0.006284,0.978467,,,,305,4,5,76,0.987055,0.967-0.995,0.938272,0.864-0.973,,0.061728,,,,,0.929936
mean±SD across 3 runs,GT-present,"Ensemble (DeepSeg, nnU-Net, DeepSCAN)",103,4,0.8939 ± 0.0140,0.8936 ± 0.0146,0.8923 ± 0.0137,0.8280 ± 0.0128,3.4914 ± 0.3364,0.8386 ± 0.0156,0.9476 ± 0.0098,0.893917,0.013964,0.940833,,,,0.893583,0.014603,0.940400,,,,0.892325,0.013694,0.936452,,,,0.827957,0.012845,0.880510,,,,3.491380,0.336423,1.997267,,,,0.838571,0.015554,0.860617,,,,0.947592,0.009846,0.970567,,,,302,7,9,72,0.977346,0.954-0.989,0.888889,0.802-0.940,,0.111111,,,,,0.908705
mean±SD across 3 runs,GT-present,PAGODA Net (RA-I 3x6),103,1,0.9228 ± 0.0084,0.9037 ± 0.0089,0.9114 ± 0.0084,0.8520 ± 0.0069,2.7547 ± 0.2519,0.8340 ± 0.0112,0.9541 ± 0.0064,0.922772,0.008361,0.948333,,,,0.903665,0.008864,0.943900,,,,0.911377,0.008403,0.940831,,,,0.851972,0.006909,0.888274,,,,2.754655,0.251885,1.866050,,,,0.833951,0.011176,0.860283,,,,0.954088,0.006393,0.975300,,,,306,3,9,72,0.990291,0.972-0.997,0.888889,0.802-0.940,,0.111111,,,,,0.919321
mean±SD across 3 runs,GT-present,PAGODA Net (RA-I 4x6),103,2,0.9289 ± 0.0089,0.9185 ± 0.0050,0.9225 ± 0.0063,0.8716 ± 0.0060,2.4312 ± 0.2121,0.8589 ± 0.0115,0.9629 ± 0.0063,0.928851,0.008876,0.958567,,,,0.918459,0.004984,0.953667,,,,0.922453,0.006268,0.956373,,,,0.871554,0.006019,0.916413,,,,2.431229,0.212130,1.626133,,,,0.858936,0.011481,0.890733,,,,0.962857,0.006284,0.978467,,,,305,4,5,76,0.987055,0.967-0.995,0.938272,0.864-0.973,,0.061728,,,,,0.929936
