Patient_ID,Model,Precision,Recall,Dice,IoU,HD95_mm,NSD_1mm,NSD_2mm,GT_present,GT_Vol_cm3,FP_Vol_cm3,Specificity,GT_lesions,TP_lesions,FN_lesions,FP_lesions,Run
BraTS2022_00006,"Ensemble (DeepSeg, nnU-Net, DeepSCAN)",0.9752,0.9824,0.978775,0.958433,1.4142,0.9485,0.9963,1,7.769,0.194,0.99987,1,1,0,0,3
BraTS2022_00007,"Ensemble (DeepSeg, nnU-Net, DeepSCAN)",0.6770,0.9171,0.778970,0.637962,6.9282,0.7518,0.8996,1,51.604,22.576,0.98382,3,3,0,6,3
BraTS2022_00026,"Ensemble (DeepSeg, nnU-Net, DeepSCAN)",0.9321,0.9070,0.919348,0.850734,1.4142,0.9398,0.9961,1,18.714,1.237,0.99906,1,1,0,2,3
BraTS2022_00031,"Ensemble (DeepSeg, nnU-Net, DeepSCAN)",0.9888,0.9944,0.991614,0.983367,1.7321,0.8523,0.9843,1,26.100,0.293,0.99978,1,1,0,0,3
BraTS2022_00032,"Ensemble (DeepSeg, nnU-Net, DeepSCAN)",1.0000,1.0000,1.000000,1.000000,,,,0,0.00,0.000,1.00000,0,0,0,0,3
BraTS2022_00057,"Ensemble (DeepSeg, nnU-Net, DeepSCAN)",0.9356,0.9433,0.939441,0.885798,4.1231,0.7500,0.9010,1,5.435,0.353,0.99975,1,1,0,1,3
BraTS2022_00095,"Ensemble (DeepSeg, nnU-Net, DeepSCAN)",0.9670,0.8808,0.921932,0.855171,2.2361,0.7979,0.9614,1,17.020,0.511,0.99964,1,1,0,1,3
BraTS2022_00104,"Ensemble (DeepSeg, nnU-Net, DeepSCAN)",0.9783,0.9836,0.980979,0.962669,1.4142,0.9207,0.9936,1,16.254,0.354,0.99976,1,1,0,1,3
BraTS2022_00105,"Ensemble (DeepSeg, nnU-Net, DeepSCAN)",0.8788,0.9207,0.899259,0.816957,13.5941,0.7862,0.8719,1,9.816,1.247,0.99911,1,1,0,1,3
BraTS2022_00112,"Ensemble (DeepSeg, nnU-Net, DeepSCAN)",0.8176,0.9355,0.872619,0.774023,2.8284,0.8472,0.9565,1,8.128,1.696,0.99861,2,2,0,5,3
BraTS2022_00139,"Ensemble (DeepSeg, nnU-Net, DeepSCAN)",0.7293,0.8081,0.766679,0.621638,9.0000,0.5688,0.7838,1,1.287,0.386,0.99974,3,1,2,1,3
BraTS2022_00144,"Ensemble (DeepSeg, nnU-Net, DeepSCAN)",0.7963,0.7604,0.777943,0.636585,5.4772,0.8184,0.8918,1,4.128,0.803,0.99939,1,1,0,1,3
BraTS2022_00152,"Ensemble (DeepSeg, nnU-Net, DeepSCAN)",1.0000,1.0000,1.000000,1.000000,,,,0,0.00,0.000,1.00000,0,0,0,0,3
BraTS2022_00159,"Ensemble (DeepSeg, nnU-Net, DeepSCAN)",0.9797,0.9907,0.985178,0.970788,1.0000,0.9668,0.9971,1,15.866,0.326,0.99976,1,1,0,0,3
BraTS2022_00160,"Ensemble (DeepSeg, nnU-Net, DeepSCAN)",0.9194,0.9530,0.935857,0.879447,2.0000,0.8578,0.9677,1,10.013,0.837,0.99940,2,2,0,1,3
BraTS2022_00167,"Ensemble (DeepSeg, nnU-Net, DeepSCAN)",1.0000,1.0000,1.000000,1.000000,,,,0,0.00,0.000,1.00000,0,0,0,0,3
BraTS2022_00186,"Ensemble (DeepSeg, nnU-Net, DeepSCAN)",1.0000,1.0000,1.000000,1.000000,,,,0,0.00,0.000,1.00000,0,0,0,0,3
BraTS2022_00189,"Ensemble (DeepSeg, nnU-Net, DeepSCAN)",0.8952,0.9730,0.932463,0.873472,2.2361,0.8991,0.9726,1,8.443,0.962,0.99934,1,1,0,1,3
BraTS2022_00198,"Ensemble (DeepSeg, nnU-Net, DeepSCAN)",0.8780,0.9401,0.908022,0.831538,3.6532,0.7604,0.9197,1,2.956,0.386,0.99972,1,1,0,0,3
BraTS2022_00200,"Ensemble (DeepSeg, nnU-Net, DeepSCAN)",1.0000,0.9929,0.996442,0.992909,1.4142,0.9033,0.9909,1,36.665,0.000,1.00000,4,4,0,0,3
BraTS2022_00235,"Ensemble (DeepSeg, nnU-Net, DeepSCAN)",0.8247,0.9453,0.880862,0.787090,7.3485,0.7226,0.8459,1,24.509,4.926,0.99585,1,1,0,4,3
BraTS2022_00245,"Ensemble (DeepSeg, nnU-Net, DeepSCAN)",0.9459,0.9510,0.948419,0.901898,1.7321,0.8802,0.9768,1,10.344,0.563,0.99959,1,1,0,2,3
BraTS2022_00260,"Ensemble (DeepSeg, nnU-Net, DeepSCAN)",0.9309,0.8405,0.883347,0.791067,2.4495,0.8247,0.9538,1,22.169,1.384,0.99893,2,2,0,2,3
BraTS2022_00280,"Ensemble (DeepSeg, nnU-Net, DeepSCAN)",0.9696,0.9719,0.970720,0.943106,1.0000,0.9584,0.9960,1,11.240,0.343,0.99970,1,1,0,1,3
BraTS2022_00285,"Ensemble (DeepSeg, nnU-Net, DeepSCAN)",0.8899,0.8745,0.882126,0.789111,7.5033,0.8234,0.8780,1,6.149,0.665,0.99952,4,1,3,1,3
BraTS2022_00294,"Ensemble (DeepSeg, nnU-Net, DeepSCAN)",0.8112,0.7758,0.793128,0.657176,4.4721,0.7581,0.8931,1,10.830,1.955,0.99863,1,1,0,1,3
BraTS2022_00297,"Ensemble (DeepSeg, nnU-Net, DeepSCAN)",0.8303,0.9164,0.871237,0.771851,2.4495,0.6852,0.9303,1,1.879,0.352,0.99974,1,1,0,1,3
BraTS2022_00307,"Ensemble (DeepSeg, nnU-Net, DeepSCAN)",0.9768,0.9901,0.983381,0.967305,1.7321,0.7978,0.9725,1,33.945,0.800,0.99944,1,1,0,1,3
BraTS2022_00322,"Ensemble (DeepSeg, nnU-Net, DeepSCAN)",0.8734,0.8545,0.863858,0.760344,6.5574,0.6980,0.8299,1,23.183,2.871,0.99778,2,1,1,1,3
BraTS2022_00347,"Ensemble (DeepSeg, nnU-Net, DeepSCAN)",0.9700,0.8933,0.930077,0.869294,2.8284,0.8696,0.9555,1,23.064,0.638,0.99957,1,1,0,1,3
BraTS2022_00356,"Ensemble (DeepSeg, nnU-Net, DeepSCAN)",0.9420,0.8070,0.869255,0.768745,4.3589,0.8081,0.9090,1,35.930,1.786,0.99852,3,3,0,1,3
BraTS2022_00366,"Ensemble (DeepSeg, nnU-Net, DeepSCAN)",0.9349,0.9615,0.948012,0.901163,1.4142,0.9315,0.9860,1,29.654,1.984,0.99869,2,2,0,2,3
BraTS2022_00367,"Ensemble (DeepSeg, nnU-Net, DeepSCAN)",1.0000,1.0000,1.000000,1.000000,,,,0,0.00,0.000,1.00000,0,0,0,0,3
BraTS2022_00373,"Ensemble (DeepSeg, nnU-Net, DeepSCAN)",0.9636,0.9754,0.969471,0.940751,1.7321,0.8827,0.9869,1,26.551,0.977,0.99935,1,1,0,1,3
BraTS2022_00376,"Ensemble (DeepSeg, nnU-Net, DeepSCAN)",0.9061,0.9671,0.935610,0.879010,3.0000,0.6447,0.8892,1,21.109,2.116,0.99857,1,1,0,1,3
BraTS2022_00429,"Ensemble (DeepSeg, nnU-Net, DeepSCAN)",0.9757,0.9892,0.982438,0.965481,2.0000,0.8025,0.9701,1,25.334,0.623,0.99954,2,2,0,1,3
BraTS2022_00433,"Ensemble (DeepSeg, nnU-Net, DeepSCAN)",1.0000,1.0000,1.000000,1.000000,,,,0,0.00,0.000,1.00000,0,0,0,0,3
BraTS2022_00436,"Ensemble (DeepSeg, nnU-Net, DeepSCAN)",0.9743,0.9607,0.967433,0.936920,1.4142,0.9082,0.9916,1,23.114,0.586,0.99955,2,2,0,1,3
BraTS2022_00443,"Ensemble (DeepSeg, nnU-Net, DeepSCAN)",0.9766,0.9724,0.974514,0.950295,1.4142,0.9351,0.9960,1,33.502,0.780,0.99933,2,2,0,1,3
BraTS2022_00444,"Ensemble (DeepSeg, nnU-Net, DeepSCAN)",0.9437,0.9533,0.948477,0.902004,1.4142,0.9468,0.9967,1,36.547,2.077,0.99856,1,1,0,1,3
BraTS2022_00451,"Ensemble (DeepSeg, nnU-Net, DeepSCAN)",0.9423,0.9749,0.958321,0.919977,1.7321,0.8683,0.9824,1,30.164,1.802,0.99870,2,2,0,1,3
BraTS2022_00464,"Ensemble (DeepSeg, nnU-Net, DeepSCAN)",0.9272,0.9410,0.934057,0.876273,2.0000,0.8512,0.9663,1,19.569,1.445,0.99895,1,1,0,2,3
BraTS2022_00473,"Ensemble (DeepSeg, nnU-Net, DeepSCAN)",0.8282,0.5460,0.658125,0.490451,18.6601,0.6926,0.8153,1,5.315,0.602,0.99953,1,1,0,1,3
BraTS2022_00478,"Ensemble (DeepSeg, nnU-Net, DeepSCAN)",0.5933,0.8032,0.682515,0.518044,2.8284,0.7812,0.9438,1,0.554,0.305,0.99977,1,1,0,1,3
BraTS2022_00481,"Ensemble (DeepSeg, nnU-Net, DeepSCAN)",1.0000,1.0000,1.000000,1.000000,,,,0,0.00,0.000,1.00000,0,0,0,0,3
BraTS2022_00488,"Ensemble (DeepSeg, nnU-Net, DeepSCAN)",0.8562,0.9145,0.884414,0.792780,5.4772,0.7310,0.8815,1,12.006,1.844,0.99865,1,1,0,1,3
BraTS2022_00495,"Ensemble (DeepSeg, nnU-Net, DeepSCAN)",0.7690,0.8200,0.793680,0.657935,3.0000,0.7772,0.9254,1,16.633,4.097,0.99717,2,2,0,3,3
BraTS2022_00530,"Ensemble (DeepSeg, nnU-Net, DeepSCAN)",0.9373,0.8382,0.884970,0.793674,4.5826,0.7142,0.9052,1,33.768,1.894,0.99874,2,2,0,1,3
BraTS2022_00544,"Ensemble (DeepSeg, nnU-Net, DeepSCAN)",0.9028,0.8730,0.887647,0.797991,4.6904,0.7912,0.8998,1,1.638,0.154,0.99990,1,1,0,1,3
BraTS2022_00635,"Ensemble (DeepSeg, nnU-Net, DeepSCAN)",0.9652,0.9128,0.938252,0.883687,1.4142,0.9094,0.9907,1,23.780,0.783,0.99943,2,2,0,1,3
BraTS2022_00639,"Ensemble (DeepSeg, nnU-Net, DeepSCAN)",0.9605,0.9627,0.961612,0.926063,1.0000,0.9656,0.9976,1,16.926,0.670,0.99946,2,2,0,1,3
BraTS2022_00650,"Ensemble (DeepSeg, nnU-Net, DeepSCAN)",1.0000,1.0000,1.000000,1.000000,,,,0,0.00,0.000,1.00000,0,0,0,0,3
BraTS2022_00696,"Ensemble (DeepSeg, nnU-Net, DeepSCAN)",0.0000,0.0000,0.000000,0.000000,,,,0,0.00,0.090,0.99994,0,0,0,1,3
BraTS2022_00699,"Ensemble (DeepSeg, nnU-Net, DeepSCAN)",1.0000,1.0000,1.000000,1.000000,,,,0,0.00,0.000,1.00000,0,0,0,0,3
BraTS2022_00714,"Ensemble (DeepSeg, nnU-Net, DeepSCAN)",0.9265,0.8184,0.869122,0.768538,2.0000,0.8553,0.9726,1,19.604,1.272,0.99915,2,1,1,2,3
BraTS2022_00715,"Ensemble (DeepSeg, nnU-Net, DeepSCAN)",0.8503,0.8922,0.870746,0.771081,2.8284,0.7510,0.9257,1,2.839,0.446,0.99969,1,1,0,1,3
BraTS2022_00731,"Ensemble (DeepSeg, nnU-Net, DeepSCAN)",0.9685,0.9243,0.945870,0.897299,2.4495,0.6804,0.9361,1,44.239,1.330,0.99903,1,1,0,1,3
BraTS2022_00741,"Ensemble (DeepSeg, nnU-Net, DeepSCAN)",0.8188,0.9281,0.870005,0.769919,2.2361,0.8965,0.9721,1,13.723,2.819,0.99774,1,1,0,2,3
BraTS2022_00758,"Ensemble (DeepSeg, nnU-Net, DeepSCAN)",0.7860,0.8936,0.836397,0.718800,4.3589,0.8489,0.9251,1,14.179,3.449,0.99739,2,1,1,2,3
BraTS2022_00764,"Ensemble (DeepSeg, nnU-Net, DeepSCAN)",0.8104,0.6764,0.737368,0.583993,14.0710,0.6210,0.8099,1,12.320,1.949,0.99852,1,1,0,1,3
BraTS2022_00791,"Ensemble (DeepSeg, nnU-Net, DeepSCAN)",0.9444,0.9535,0.948916,0.902797,1.4142,0.8967,0.9903,1,11.611,0.652,0.99949,2,2,0,1,3
BraTS2022_00809,"Ensemble (DeepSeg, nnU-Net, DeepSCAN)",0.9507,0.9649,0.957735,0.918897,1.7321,0.9013,0.9794,1,23.555,1.179,0.99916,2,2,0,1,3
BraTS2022_00814,"Ensemble (DeepSeg, nnU-Net, DeepSCAN)",1.0000,1.0000,1.000000,1.000000,,,,0,0.00,0.000,1.00000,0,0,0,0,3
BraTS2022_00829,"Ensemble (DeepSeg, nnU-Net, DeepSCAN)",0.8305,0.9545,0.888173,0.798841,4.6904,0.8158,0.9188,1,20.357,3.967,0.99668,2,2,0,2,3
BraTS2022_00839,"Ensemble (DeepSeg, nnU-Net, DeepSCAN)",1.0000,1.0000,1.000000,1.000000,,,,0,0.00,0.000,1.00000,0,0,0,0,3
BraTS2022_00845,"Ensemble (DeepSeg, nnU-Net, DeepSCAN)",0.8625,0.8959,0.878840,0.783867,3.7417,0.7242,0.9122,1,6.530,0.933,0.99933,1,1,0,1,3
BraTS2022_00848,"Ensemble (DeepSeg, nnU-Net, DeepSCAN)",1.0000,1.0000,1.000000,1.000000,,,,0,0.00,0.000,1.00000,0,0,0,0,3
BraTS2022_00853,"Ensemble (DeepSeg, nnU-Net, DeepSCAN)",0.9422,0.9746,0.958154,0.919670,1.7321,0.9239,0.9918,1,32.574,1.946,0.99858,2,2,0,1,3
BraTS2022_00862,"Ensemble (DeepSeg, nnU-Net, DeepSCAN)",0.6669,0.9367,0.779096,0.638131,6.9282,0.6983,0.8209,1,6.414,3.001,0.99793,1,1,0,2,3
BraTS2022_00884,"Ensemble (DeepSeg, nnU-Net, DeepSCAN)",0.9529,0.9543,0.953590,0.911297,1.4142,0.9163,0.9917,1,13.145,0.620,0.99953,1,1,0,1,3
BraTS2022_00909,"Ensemble (DeepSeg, nnU-Net, DeepSCAN)",0.9331,0.9681,0.950241,0.905198,1.7321,0.9280,0.9681,1,23.672,1.644,0.99883,1,1,0,3,3
BraTS2022_00932,"Ensemble (DeepSeg, nnU-Net, DeepSCAN)",0.8109,0.8489,0.829438,0.708581,2.2361,0.8012,0.9518,1,10.263,2.032,0.99853,1,1,0,3,3
BraTS2022_00937,"Ensemble (DeepSeg, nnU-Net, DeepSCAN)",0.9166,0.9738,0.944360,0.894585,4.0000,0.8498,0.9301,1,17.542,1.554,0.99883,2,2,0,1,3
BraTS2022_00978,"Ensemble (DeepSeg, nnU-Net, DeepSCAN)",0.9777,0.9547,0.966043,0.934317,1.7321,0.8322,0.9801,1,13.663,0.298,0.99979,1,1,0,0,3
BraTS2022_00986,"Ensemble (DeepSeg, nnU-Net, DeepSCAN)",0.8557,0.9088,0.881440,0.788014,2.2361,0.8753,0.9528,1,54.460,8.346,0.99421,1,1,0,1,3
BraTS2022_00999,"Ensemble (DeepSeg, nnU-Net, DeepSCAN)",1.0000,1.0000,1.000000,1.000000,,,,0,0.00,0.000,1.00000,0,0,0,0,3
BraTS2022_01021,"Ensemble (DeepSeg, nnU-Net, DeepSCAN)",0.8529,0.9233,0.886750,0.796542,4.0000,0.5624,0.8347,1,14.768,2.351,0.99842,1,1,0,1,3
BraTS2022_01026,"Ensemble (DeepSeg, nnU-Net, DeepSCAN)",0.8161,0.8668,0.840655,0.725111,3.0000,0.7632,0.9130,1,0.563,0.110,0.99992,1,1,0,1,3
BraTS2022_01029,"Ensemble (DeepSeg, nnU-Net, DeepSCAN)",0.9770,0.9648,0.970868,0.943384,1.4142,0.8979,0.9899,1,34.386,0.781,0.99940,1,1,0,1,3
BraTS2022_01038,"Ensemble (DeepSeg, nnU-Net, DeepSCAN)",1.0000,1.0000,1.000000,1.000000,,,,0,0.00,0.000,1.00000,0,0,0,0,3
BraTS2022_01072,"Ensemble (DeepSeg, nnU-Net, DeepSCAN)",0.7921,0.7114,0.749614,0.599506,5.8310,0.7953,0.8816,1,9.561,1.785,0.99877,2,1,1,2,3
BraTS2022_01078,"Ensemble (DeepSeg, nnU-Net, DeepSCAN)",0.9480,0.8416,0.891622,0.804439,2.2361,0.8686,0.9678,1,31.957,1.475,0.99878,2,2,0,1,3
BraTS2022_01085,"Ensemble (DeepSeg, nnU-Net, DeepSCAN)",0.8108,0.7643,0.786897,0.648665,4.8990,0.5948,0.8256,1,1.430,0.255,0.99981,1,1,0,1,3
BraTS2022_01089,"Ensemble (DeepSeg, nnU-Net, DeepSCAN)",0.9798,0.9159,0.946768,0.898918,1.4142,0.8969,0.9895,1,5.622,0.106,0.99993,1,1,0,1,3
BraTS2022_01090,"Ensemble (DeepSeg, nnU-Net, DeepSCAN)",0.9537,0.9626,0.958121,0.919608,1.7321,0.8739,0.9844,1,19.894,0.929,0.99931,1,1,0,3,3
BraTS2022_01091,"Ensemble (DeepSeg, nnU-Net, DeepSCAN)",1.0000,1.0000,1.000000,1.000000,,,,0,0.00,0.000,1.00000,0,0,0,0,3
BraTS2022_01132,"Ensemble (DeepSeg, nnU-Net, DeepSCAN)",0.8759,0.9372,0.905544,0.827392,2.4495,0.7265,0.9315,1,10.055,1.335,0.99907,1,1,0,2,3
BraTS2022_01153,"Ensemble (DeepSeg, nnU-Net, DeepSCAN)",0.6622,0.8741,0.753502,0.604495,6.7823,0.6523,0.8306,1,8.369,3.732,0.99708,1,1,0,1,3
BraTS2022_01154,"Ensemble (DeepSeg, nnU-Net, DeepSCAN)",0.9680,0.7828,0.865601,0.763047,9.6954,0.5516,0.7771,1,1.625,0.042,0.99997,1,1,0,0,3
BraTS2022_01160,"Ensemble (DeepSeg, nnU-Net, DeepSCAN)",1.0000,1.0000,1.000000,1.000000,,,,0,0.00,0.000,1.00000,0,0,0,0,3
BraTS2022_01166,"Ensemble (DeepSeg, nnU-Net, DeepSCAN)",1.0000,1.0000,1.000000,1.000000,,,,0,0.00,0.000,1.00000,0,0,0,0,3
BraTS2022_01168,"Ensemble (DeepSeg, nnU-Net, DeepSCAN)",1.0000,1.0000,1.000000,1.000000,,,,0,0.00,0.000,1.00000,0,0,0,0,3
BraTS2022_01176,"Ensemble (DeepSeg, nnU-Net, DeepSCAN)",0.9654,0.9762,0.970752,0.943167,2.0000,0.7497,0.9713,1,7.395,0.259,0.99979,1,1,0,1,3
BraTS2022_01202,"Ensemble (DeepSeg, nnU-Net, DeepSCAN)",0.9829,0.9531,0.967798,0.937606,1.4142,0.9238,0.9948,1,40.708,0.674,0.99943,1,1,0,0,3
BraTS2022_01203,"Ensemble (DeepSeg, nnU-Net, DeepSCAN)",0.9748,0.9935,0.984033,0.968568,1.4142,0.8796,0.9896,1,27.792,0.714,0.99946,2,2,0,1,3
BraTS2022_01204,"Ensemble (DeepSeg, nnU-Net, DeepSCAN)",0.9733,0.9564,0.964757,0.931914,1.4142,0.9126,0.9927,1,43.436,1.140,0.99922,3,3,0,0,3
BraTS2022_01215,"Ensemble (DeepSeg, nnU-Net, DeepSCAN)",0.9731,0.9073,0.939042,0.885088,2.4495,0.8836,0.9618,1,26.096,0.655,0.99946,1,1,0,1,3
BraTS2022_01243,"Ensemble (DeepSeg, nnU-Net, DeepSCAN)",1.0000,1.0000,1.000000,1.000000,,,,0,0.00,0.000,1.00000,0,0,0,0,3
BraTS2022_01255,"Ensemble (DeepSeg, nnU-Net, DeepSCAN)",0.9021,0.9259,0.913826,0.841326,3.6056,0.7856,0.9050,1,5.154,0.518,0.99964,1,1,0,1,3
BraTS2022_01269,"Ensemble (DeepSeg, nnU-Net, DeepSCAN)",0.9811,0.9609,0.970896,0.943437,1.4142,0.9251,0.9960,1,30.707,0.568,0.99956,1,1,0,0,3
BraTS2022_01304,"Ensemble (DeepSeg, nnU-Net, DeepSCAN)",0.9622,0.9658,0.963991,0.930484,1.4142,0.9507,0.9953,1,13.346,0.507,0.99960,1,1,0,1,3
BraTS2022_01320,"Ensemble (DeepSeg, nnU-Net, DeepSCAN)",0.0000,0.0000,0.000000,0.000000,,,,0,0.00,0.873,0.99946,0,0,0,1,3
BraTS2022_01323,"Ensemble (DeepSeg, nnU-Net, DeepSCAN)",0.9240,0.9673,0.945134,0.895976,1.7321,0.8573,0.9821,1,15.262,1.215,0.99900,1,1,0,3,3
BraTS2022_01326,"Ensemble (DeepSeg, nnU-Net, DeepSCAN)",0.9249,0.9556,0.939985,0.886765,2.8284,0.8704,0.9426,1,29.618,2.298,0.99822,3,3,0,2,3
BraTS2022_01328,"Ensemble (DeepSeg, nnU-Net, DeepSCAN)",1.0000,1.0000,1.000000,1.000000,,,,0,0.00,0.000,1.00000,0,0,0,0,3
BraTS2022_01343,"Ensemble (DeepSeg, nnU-Net, DeepSCAN)",0.9737,0.9592,0.966371,0.934931,1.4142,0.9537,0.9815,1,19.609,0.508,0.99962,2,2,0,0,3
BraTS2022_01349,"Ensemble (DeepSeg, nnU-Net, DeepSCAN)",1.0000,1.0000,1.000000,1.000000,,,,0,0.00,0.000,1.00000,0,0,0,0,3
BraTS2022_01363,"Ensemble (DeepSeg, nnU-Net, DeepSCAN)",0.8607,0.7034,0.774167,0.631544,6.3756,0.7915,0.8725,1,6.740,0.767,0.99939,1,1,0,1,3
BraTS2022_01387,"Ensemble (DeepSeg, nnU-Net, DeepSCAN)",0.5971,0.6652,0.629299,0.459108,33.7935,0.6228,0.7193,1,12.887,5.784,0.99606,2,1,1,3,3
BraTS2022_01393,"Ensemble (DeepSeg, nnU-Net, DeepSCAN)",0.9319,0.9001,0.915747,0.844587,3.1623,0.8293,0.9250,1,33.544,2.206,0.99834,2,1,1,2,3
BraTS2022_01403,"Ensemble (DeepSeg, nnU-Net, DeepSCAN)",0.9467,0.9332,0.939915,0.886642,1.0000,0.9846,0.9999,1,11.650,0.612,0.99955,1,1,0,1,3
BraTS2022_01413,"Ensemble (DeepSeg, nnU-Net, DeepSCAN)",0.9755,0.9598,0.967567,0.937172,1.0000,0.9750,0.9997,1,41.325,0.997,0.99931,2,2,0,0,3
BraTS2022_01423,"Ensemble (DeepSeg, nnU-Net, DeepSCAN)",1.0000,1.0000,1.000000,1.000000,,,,0,0.00,0.000,1.00000,0,0,0,0,3
BraTS2022_01426,"Ensemble (DeepSeg, nnU-Net, DeepSCAN)",1.0000,1.0000,1.000000,1.000000,,,,0,0.00,0.000,1.00000,0,0,0,0,3
BraTS2022_01440,"Ensemble (DeepSeg, nnU-Net, DeepSCAN)",0.9557,0.9526,0.954118,0.912261,2.2361,0.7170,0.9331,1,23.729,1.049,0.99926,2,1,1,1,3
BraTS2022_01441,"Ensemble (DeepSeg, nnU-Net, DeepSCAN)",0.9664,0.9416,0.953806,0.911692,1.4142,0.9229,0.9916,1,16.414,0.538,0.99966,3,3,0,1,3
BraTS2022_01456,"Ensemble (DeepSeg, nnU-Net, DeepSCAN)",0.9339,0.9669,0.950148,0.905030,2.0000,0.9070,0.9666,1,25.457,1.741,0.99874,1,1,0,1,3
BraTS2022_01468,"Ensemble (DeepSeg, nnU-Net, DeepSCAN)",0.9750,0.9713,0.973148,0.947700,1.4142,0.8950,0.9905,1,24.160,0.601,0.99952,1,1,0,1,3
BraTS2022_01475,"Ensemble (DeepSeg, nnU-Net, DeepSCAN)",0.9678,0.9554,0.961570,0.925985,1.4142,0.9250,0.9924,1,12.715,0.404,0.99969,2,2,0,0,3
BraTS2022_01500,"Ensemble (DeepSeg, nnU-Net, DeepSCAN)",0.9287,0.8463,0.885585,0.794663,2.8284,0.8001,0.9458,1,10.170,0.661,0.99956,1,1,0,1,3
BraTS2022_01528,"Ensemble (DeepSeg, nnU-Net, DeepSCAN)",0.9835,0.9795,0.981489,0.963650,1.0000,0.9557,0.9984,1,51.940,0.853,0.99919,2,2,0,1,3
BraTS2022_01535,"Ensemble (DeepSeg, nnU-Net, DeepSCAN)",0.9096,0.5737,0.703605,0.542740,15.4595,0.5458,0.7710,1,20.973,1.196,0.99906,2,1,1,1,3
BraTS2022_01571,"Ensemble (DeepSeg, nnU-Net, DeepSCAN)",0.9495,0.9523,0.950893,0.906384,1.0000,0.9587,0.9897,1,17.100,0.867,0.99942,2,2,0,1,3
BraTS2022_01580,"Ensemble (DeepSeg, nnU-Net, DeepSCAN)",0.9687,0.9895,0.978985,0.958835,1.4142,0.9446,0.9965,1,28.506,0.912,0.99935,1,1,0,1,3
BraTS2022_01599,"Ensemble (DeepSeg, nnU-Net, DeepSCAN)",0.9546,0.8289,0.887321,0.797463,3.6056,0.8410,0.9296,1,28.748,1.133,0.99918,2,2,0,1,3
BraTS2022_01608,"Ensemble (DeepSeg, nnU-Net, DeepSCAN)",0.8088,0.8995,0.851746,0.741775,2.8284,0.8300,0.9425,1,2.657,0.565,0.99960,3,2,1,1,3
BraTS2022_01612,"Ensemble (DeepSeg, nnU-Net, DeepSCAN)",0.9601,0.9522,0.956181,0.916040,1.7321,0.8588,0.9874,1,21.758,0.860,0.99938,2,2,0,1,3
BraTS2022_01617,"Ensemble (DeepSeg, nnU-Net, DeepSCAN)",0.9469,0.9772,0.961825,0.926457,1.4142,0.9213,0.9946,1,35.645,1.952,0.99850,1,1,0,1,3
BraTS2022_01639,"Ensemble (DeepSeg, nnU-Net, DeepSCAN)",1.0000,1.0000,1.000000,1.000000,,,,0,0.00,0.000,1.00000,0,0,0,0,3
BraTS2022_01664,"Ensemble (DeepSeg, nnU-Net, DeepSCAN)",1.0000,1.0000,1.000000,1.000000,,,,0,0.00,0.000,1.00000,0,0,0,0,3
BraTS2022_00006,PAGODA Net (RA-I 3x6),0.9069,0.8939,0.900369,0.818793,2.0000,0.8886,0.9608,1,7.769,0.713,0.99952,1,1,0,2,3
BraTS2022_00007,PAGODA Net (RA-I 3x6),0.8598,0.9158,0.886912,0.796803,3.3166,0.6913,0.9074,1,51.604,7.708,0.99448,3,3,0,2,3
BraTS2022_00026,PAGODA Net (RA-I 3x6),0.9907,0.9806,0.985633,0.971672,2.4495,0.7000,0.9291,1,18.714,0.172,0.99987,1,1,0,0,3
BraTS2022_00031,PAGODA Net (RA-I 3x6),0.9862,0.9873,0.986732,0.973811,1.4142,0.9017,0.9907,1,26.100,0.361,0.99973,1,1,0,0,3
BraTS2022_00032,PAGODA Net (RA-I 3x6),1.0000,1.0000,1.000000,1.000000,,,,0,0.00,0.000,1.00000,0,0,0,0,3
BraTS2022_00057,PAGODA Net (RA-I 3x6),0.9645,0.9505,0.957465,0.918400,1.7321,0.8544,0.9741,1,5.435,0.190,0.99987,1,1,0,1,3
BraTS2022_00095,PAGODA Net (RA-I 3x6),0.8982,0.8293,0.862380,0.758056,2.0000,0.8325,0.9742,1,17.020,1.600,0.99888,1,1,0,2,3
BraTS2022_00104,PAGODA Net (RA-I 3x6),0.9936,0.9868,0.990215,0.980620,1.7321,0.8600,0.9895,1,16.254,0.103,0.99993,1,1,0,0,3
BraTS2022_00105,PAGODA Net (RA-I 3x6),0.9305,0.8148,0.868828,0.768078,17.2336,0.6217,0.8382,1,9.816,0.597,0.99957,1,1,0,1,3
BraTS2022_00112,PAGODA Net (RA-I 3x6),0.8370,0.7714,0.802868,0.670660,2.0000,0.8639,0.9741,1,8.128,1.221,0.99900,2,2,0,1,3
BraTS2022_00139,PAGODA Net (RA-I 3x6),0.8626,0.6682,0.753065,0.603933,9.0083,0.6742,0.7721,1,1.287,0.137,0.99991,3,1,2,0,3
BraTS2022_00144,PAGODA Net (RA-I 3x6),0.9062,0.7556,0.824042,0.700741,5.7446,0.6785,0.8336,1,4.128,0.323,0.99975,1,1,0,1,3
BraTS2022_00152,PAGODA Net (RA-I 3x6),1.0000,1.0000,1.000000,1.000000,,,,0,0.00,0.000,1.00000,0,0,0,0,3
BraTS2022_00159,PAGODA Net (RA-I 3x6),0.9879,0.9890,0.988441,0.977145,1.0000,0.9640,0.9987,1,15.866,0.192,0.99986,1,1,0,0,3
BraTS2022_00160,PAGODA Net (RA-I 3x6),0.9184,0.9521,0.934929,0.877808,2.8284,0.7228,0.9335,1,10.013,0.847,0.99939,2,2,0,1,3
BraTS2022_00167,PAGODA Net (RA-I 3x6),1.0000,1.0000,1.000000,1.000000,,,,0,0.00,0.000,1.00000,0,0,0,0,3
BraTS2022_00186,PAGODA Net (RA-I 3x6),1.0000,1.0000,1.000000,1.000000,,,,0,0.00,0.000,1.00000,0,0,0,0,3
BraTS2022_00189,PAGODA Net (RA-I 3x6),0.9751,0.9831,0.979062,0.958983,1.0000,0.9525,0.9965,1,8.443,0.212,0.99985,1,1,0,1,3
BraTS2022_00198,PAGODA Net (RA-I 3x6),0.9325,0.8552,0.892183,0.805352,2.0000,0.9287,0.9625,1,2.956,0.183,0.99987,1,1,0,1,3
BraTS2022_00200,PAGODA Net (RA-I 3x6),0.9882,0.9582,0.972970,0.947363,2.2361,0.7568,0.9557,1,36.665,0.419,0.99966,4,3,1,0,3
BraTS2022_00235,PAGODA Net (RA-I 3x6),0.9650,0.9778,0.971404,0.944398,1.4142,0.9333,0.9843,1,24.509,0.868,0.99927,1,1,0,1,3
BraTS2022_00245,PAGODA Net (RA-I 3x6),0.9725,0.9807,0.976558,0.954191,1.4142,0.9098,0.9962,1,10.344,0.287,0.99979,1,1,0,1,3
BraTS2022_00260,PAGODA Net (RA-I 3x6),0.9212,0.9569,0.938691,0.884465,1.7321,0.9255,0.9733,1,22.169,1.815,0.99859,2,2,0,2,3
BraTS2022_00280,PAGODA Net (RA-I 3x6),0.9736,0.9031,0.937044,0.881546,2.4495,0.9103,0.9624,1,11.240,0.275,0.99976,1,1,0,1,3
BraTS2022_00285,PAGODA Net (RA-I 3x6),0.9338,0.8101,0.867543,0.766072,7.7199,0.6849,0.8133,1,6.149,0.353,0.99975,4,1,3,1,3
BraTS2022_00294,PAGODA Net (RA-I 3x6),0.9589,0.9011,0.929119,0.867621,1.7321,0.9289,0.9808,1,10.830,0.418,0.99971,1,1,0,1,3
BraTS2022_00297,PAGODA Net (RA-I 3x6),0.9106,0.9329,0.921661,0.854705,1.4142,0.8678,0.9977,1,1.879,0.172,0.99987,1,1,0,1,3
BraTS2022_00307,PAGODA Net (RA-I 3x6),0.9853,0.9898,0.987567,0.975440,2.0000,0.7273,0.9593,1,33.945,0.501,0.99965,1,1,0,0,3
BraTS2022_00322,PAGODA Net (RA-I 3x6),0.9612,0.8715,0.914167,0.841903,6.3246,0.7552,0.8874,1,23.183,0.815,0.99937,2,2,0,1,3
BraTS2022_00347,PAGODA Net (RA-I 3x6),0.8955,0.8991,0.897298,0.813726,3.7417,0.7413,0.8875,1,23.064,2.420,0.99837,1,1,0,2,3
BraTS2022_00356,PAGODA Net (RA-I 3x6),0.9570,0.9330,0.944855,0.895475,2.4495,0.7617,0.9492,1,35.930,1.506,0.99875,3,3,0,2,3
BraTS2022_00366,PAGODA Net (RA-I 3x6),0.9566,0.9813,0.968772,0.939435,1.4142,0.9428,0.9904,1,29.654,1.321,0.99913,2,2,0,1,3
BraTS2022_00367,PAGODA Net (RA-I 3x6),1.0000,1.0000,1.000000,1.000000,,,,0,0.00,0.000,1.00000,0,0,0,0,3
BraTS2022_00373,PAGODA Net (RA-I 3x6),0.9716,0.9563,0.963916,0.930346,1.7321,0.8844,0.9880,1,26.551,0.741,0.99951,1,1,0,1,3
BraTS2022_00376,PAGODA Net (RA-I 3x6),0.9391,0.9504,0.944694,0.895185,2.0000,0.8198,0.9645,1,21.109,1.302,0.99912,1,1,0,1,3
BraTS2022_00429,PAGODA Net (RA-I 3x6),0.9889,0.9914,0.990125,0.980443,1.4142,0.8956,0.9895,1,25.334,0.283,0.99979,2,2,0,0,3
BraTS2022_00433,PAGODA Net (RA-I 3x6),1.0000,1.0000,1.000000,1.000000,,,,0,0.00,0.000,1.00000,0,0,0,0,3
BraTS2022_00436,PAGODA Net (RA-I 3x6),0.9470,0.9575,0.952199,0.908759,1.0000,0.9711,0.9986,1,23.114,1.239,0.99904,2,2,0,1,3
BraTS2022_00443,PAGODA Net (RA-I 3x6),0.9828,0.9809,0.981879,0.964403,1.0000,0.9563,0.9978,1,33.502,0.574,0.99951,2,2,0,1,3
BraTS2022_00444,PAGODA Net (RA-I 3x6),0.9613,0.9122,0.936121,0.879912,2.2361,0.9083,0.9573,1,36.547,1.342,0.99907,1,1,0,1,3
BraTS2022_00451,PAGODA Net (RA-I 3x6),0.9710,0.9125,0.940867,0.888337,1.7321,0.8355,0.9852,1,30.164,0.822,0.99941,2,2,0,0,3
BraTS2022_00464,PAGODA Net (RA-I 3x6),0.9578,0.9333,0.945388,0.896432,1.7321,0.8221,0.9775,1,19.569,0.804,0.99942,1,1,0,1,3
BraTS2022_00473,PAGODA Net (RA-I 3x6),0.8649,0.8854,0.875046,0.777851,3.1623,0.6892,0.9024,1,5.315,0.735,0.99942,1,1,0,1,3
BraTS2022_00478,PAGODA Net (RA-I 3x6),0.8966,0.6733,0.769072,0.624791,3.7417,0.7648,0.9213,1,0.554,0.043,0.99997,1,1,0,1,3
BraTS2022_00481,PAGODA Net (RA-I 3x6),1.0000,1.0000,1.000000,1.000000,,,,0,0.00,0.000,1.00000,0,0,0,0,3
BraTS2022_00488,PAGODA Net (RA-I 3x6),0.9251,0.8887,0.906542,0.829060,2.0000,0.8939,0.9702,1,12.006,0.864,0.99937,1,1,0,1,3
BraTS2022_00495,PAGODA Net (RA-I 3x6),0.8192,0.7191,0.765896,0.620609,7.6158,0.5138,0.7991,1,16.633,2.640,0.99818,2,2,0,2,3
BraTS2022_00530,PAGODA Net (RA-I 3x6),0.7414,0.8028,0.770858,0.627152,3.7417,0.8156,0.9144,1,33.768,9.456,0.99372,2,1,1,3,3
BraTS2022_00544,PAGODA Net (RA-I 3x6),0.9276,0.8602,0.892620,0.806064,5.1962,0.5704,0.8080,1,1.638,0.110,0.99993,1,1,0,1,3
BraTS2022_00635,PAGODA Net (RA-I 3x6),0.9134,0.9436,0.928267,0.866137,1.4142,0.9420,0.9946,1,23.780,2.127,0.99845,2,2,0,4,3
BraTS2022_00639,PAGODA Net (RA-I 3x6),0.9643,0.8877,0.924416,0.859455,1.7321,0.8611,0.9858,1,16.926,0.556,0.99955,2,2,0,1,3
BraTS2022_00650,PAGODA Net (RA-I 3x6),1.0000,1.0000,1.000000,1.000000,,,,0,0.00,0.000,1.00000,0,0,0,0,3
BraTS2022_00696,PAGODA Net (RA-I 3x6),1.0000,1.0000,1.000000,1.000000,,,,0,0.00,0.000,1.00000,0,0,0,0,3
BraTS2022_00699,PAGODA Net (RA-I 3x6),1.0000,1.0000,1.000000,1.000000,,,,0,0.00,0.000,1.00000,0,0,0,0,3
BraTS2022_00714,PAGODA Net (RA-I 3x6),0.8784,0.8948,0.886491,0.796124,1.7321,0.8257,0.9822,1,19.604,2.429,0.99837,2,2,0,2,3
BraTS2022_00715,PAGODA Net (RA-I 3x6),0.9226,0.9870,0.953710,0.911516,2.2361,0.8786,0.9697,1,2.839,0.235,0.99984,1,1,0,1,3
BraTS2022_00731,PAGODA Net (RA-I 3x6),0.9387,0.9429,0.940818,0.888250,2.0000,0.7167,0.9567,1,44.239,2.723,0.99801,1,1,0,1,3
BraTS2022_00741,PAGODA Net (RA-I 3x6),0.9291,0.9584,0.943506,0.893054,3.4641,0.7879,0.9086,1,13.723,1.004,0.99919,1,1,0,1,3
BraTS2022_00758,PAGODA Net (RA-I 3x6),0.9183,0.8504,0.883047,0.790585,2.0000,0.8207,0.9740,1,14.179,1.073,0.99919,2,2,0,1,3
BraTS2022_00764,PAGODA Net (RA-I 3x6),0.8826,0.8669,0.874693,0.777293,10.0995,0.7294,0.8206,1,12.320,1.420,0.99892,1,1,0,1,3
BraTS2022_00791,PAGODA Net (RA-I 3x6),0.9857,0.9705,0.978042,0.957028,1.4142,0.9310,0.9923,1,11.611,0.164,0.99987,2,2,0,0,3
BraTS2022_00809,PAGODA Net (RA-I 3x6),0.9359,0.9759,0.955504,0.914800,1.7321,0.7916,0.9710,1,23.555,1.574,0.99888,2,2,0,4,3
BraTS2022_00814,PAGODA Net (RA-I 3x6),1.0000,1.0000,1.000000,1.000000,,,,0,0.00,0.000,1.00000,0,0,0,0,3
BraTS2022_00829,PAGODA Net (RA-I 3x6),0.9491,0.9462,0.947677,0.900556,1.7321,0.9055,0.9714,1,20.357,1.032,0.99914,2,2,0,1,3
BraTS2022_00839,PAGODA Net (RA-I 3x6),1.0000,1.0000,1.000000,1.000000,,,,0,0.00,0.000,1.00000,0,0,0,0,3
BraTS2022_00845,PAGODA Net (RA-I 3x6),0.9241,0.9398,0.931896,0.872477,2.4495,0.8078,0.9473,1,6.530,0.504,0.99964,1,1,0,1,3
BraTS2022_00848,PAGODA Net (RA-I 3x6),1.0000,1.0000,1.000000,1.000000,,,,0,0.00,0.000,1.00000,0,0,0,0,3
BraTS2022_00853,PAGODA Net (RA-I 3x6),0.9448,0.9878,0.965811,0.933883,1.4142,0.8850,0.9939,1,32.574,1.880,0.99863,2,2,0,2,3
BraTS2022_00862,PAGODA Net (RA-I 3x6),0.9230,0.8034,0.859048,0.752922,3.0000,0.7414,0.9285,1,6.414,0.430,0.99970,1,1,0,1,3
BraTS2022_00884,PAGODA Net (RA-I 3x6),0.9236,0.9855,0.953555,0.911233,2.0000,0.7478,0.9675,1,13.145,1.072,0.99919,1,1,0,2,3
BraTS2022_00909,PAGODA Net (RA-I 3x6),0.9506,0.9833,0.966651,0.935455,1.4142,0.9014,0.9921,1,23.672,1.210,0.99914,1,1,0,1,3
BraTS2022_00932,PAGODA Net (RA-I 3x6),0.8134,0.5456,0.653137,0.484932,14.5258,0.3996,0.7024,1,10.263,1.285,0.99907,1,1,0,2,3
BraTS2022_00937,PAGODA Net (RA-I 3x6),0.9100,0.9395,0.924492,0.859587,6.6332,0.7114,0.8267,1,17.542,1.630,0.99877,2,2,0,2,3
BraTS2022_00978,PAGODA Net (RA-I 3x6),0.9765,0.9787,0.977593,0.956167,1.4142,0.9442,0.9954,1,13.663,0.322,0.99978,1,1,0,0,3
BraTS2022_00986,PAGODA Net (RA-I 3x6),0.9693,0.9452,0.957077,0.917687,1.7321,0.8830,0.9819,1,54.460,1.631,0.99887,1,1,0,1,3
BraTS2022_00999,PAGODA Net (RA-I 3x6),0.0000,0.0000,0.000000,0.000000,,,,0,0.00,1.226,0.99907,0,0,0,2,3
BraTS2022_01021,PAGODA Net (RA-I 3x6),0.9246,0.9699,0.946728,0.898845,2.0000,0.8548,0.9782,1,14.768,1.168,0.99921,1,1,0,1,3
BraTS2022_01026,PAGODA Net (RA-I 3x6),0.5906,0.9147,0.717770,0.559783,7.6387,0.6498,0.8785,1,0.563,0.357,0.99973,1,1,0,1,3
BraTS2022_01029,PAGODA Net (RA-I 3x6),0.9929,0.9760,0.984382,0.969244,1.4142,0.9506,0.9957,1,34.386,0.241,0.99981,1,1,0,0,3
BraTS2022_01038,PAGODA Net (RA-I 3x6),1.0000,1.0000,1.000000,1.000000,,,,0,0.00,0.000,1.00000,0,0,0,0,3
BraTS2022_01072,PAGODA Net (RA-I 3x6),0.8340,0.8172,0.825506,0.702861,4.4721,0.8451,0.9158,1,9.561,1.555,0.99893,2,2,0,2,3
BraTS2022_01078,PAGODA Net (RA-I 3x6),0.9580,0.9633,0.960618,0.924220,1.0000,0.9656,0.9908,1,31.957,1.350,0.99889,2,2,0,1,3
BraTS2022_01085,PAGODA Net (RA-I 3x6),0.8863,0.7629,0.819992,0.694904,4.6904,0.5709,0.8593,1,1.430,0.140,0.99990,1,1,0,1,3
BraTS2022_01089,PAGODA Net (RA-I 3x6),0.9405,0.9308,0.935634,0.879053,1.4142,0.8982,0.9915,1,5.622,0.331,0.99978,1,1,0,1,3
BraTS2022_01090,PAGODA Net (RA-I 3x6),0.9489,0.9170,0.932693,0.873874,3.9354,0.7524,0.9127,1,19.894,0.982,0.99927,1,1,0,1,3
BraTS2022_01091,PAGODA Net (RA-I 3x6),1.0000,1.0000,1.000000,1.000000,,,,0,0.00,0.000,1.00000,0,0,0,0,3
BraTS2022_01132,PAGODA Net (RA-I 3x6),0.9168,0.7439,0.821346,0.696851,5.4772,0.7831,0.9068,1,10.055,0.679,0.99952,1,1,0,2,3
BraTS2022_01153,PAGODA Net (RA-I 3x6),0.9093,0.7257,0.807150,0.676657,4.6904,0.7321,0.9065,1,8.369,0.606,0.99953,1,1,0,1,3
BraTS2022_01154,PAGODA Net (RA-I 3x6),0.9366,0.9268,0.931642,0.872032,2.4495,0.5362,0.8858,1,1.625,0.102,0.99993,1,1,0,0,3
BraTS2022_01160,PAGODA Net (RA-I 3x6),1.0000,1.0000,1.000000,1.000000,,,,0,0.00,0.000,1.00000,0,0,0,0,3
BraTS2022_01166,PAGODA Net (RA-I 3x6),0.0000,0.0000,0.000000,0.000000,,,,0,0.00,0.125,0.99989,0,0,0,1,3
BraTS2022_01168,PAGODA Net (RA-I 3x6),1.0000,1.0000,1.000000,1.000000,,,,0,0.00,0.000,1.00000,0,0,0,0,3
BraTS2022_01176,PAGODA Net (RA-I 3x6),0.9852,0.9780,0.981542,0.963753,1.7321,0.8394,0.9840,1,7.395,0.109,0.99991,1,1,0,0,3
BraTS2022_01202,PAGODA Net (RA-I 3x6),0.9594,0.9214,0.940018,0.886824,2.4495,0.7642,0.9563,1,40.708,1.589,0.99866,1,1,0,0,3
BraTS2022_01203,PAGODA Net (RA-I 3x6),0.9912,0.9662,0.978518,0.957939,1.4142,0.8730,0.9885,1,27.792,0.239,0.99982,2,2,0,0,3
BraTS2022_01204,PAGODA Net (RA-I 3x6),0.9782,0.9677,0.972954,0.947332,1.4142,0.8816,0.9909,1,43.436,0.936,0.99936,3,3,0,0,3
BraTS2022_01215,PAGODA Net (RA-I 3x6),0.9786,0.9342,0.955891,0.915509,1.4142,0.8927,0.9925,1,26.096,0.534,0.99956,1,1,0,1,3
BraTS2022_01243,PAGODA Net (RA-I 3x6),1.0000,1.0000,1.000000,1.000000,,,,0,0.00,0.000,1.00000,0,0,0,0,3
BraTS2022_01255,PAGODA Net (RA-I 3x6),0.9502,0.9653,0.957652,0.918744,1.7321,0.8616,0.9864,1,5.154,0.261,0.99982,1,1,0,1,3
BraTS2022_01269,PAGODA Net (RA-I 3x6),0.9717,0.9432,0.957265,0.918032,2.0000,0.9193,0.9618,1,30.707,0.842,0.99934,1,1,0,1,3
BraTS2022_01304,PAGODA Net (RA-I 3x6),0.8940,0.9565,0.924202,0.859085,2.0000,0.8639,0.9707,1,13.346,1.514,0.99881,1,1,0,2,3
BraTS2022_01320,PAGODA Net (RA-I 3x6),1.0000,1.0000,1.000000,1.000000,,,,0,0.00,0.000,1.00000,0,0,0,0,3
BraTS2022_01323,PAGODA Net (RA-I 3x6),0.9038,0.9747,0.937928,0.883111,2.0000,0.7777,0.9729,1,15.262,1.583,0.99870,1,1,0,1,3
BraTS2022_01326,PAGODA Net (RA-I 3x6),0.9454,0.7824,0.856177,0.748522,5.1962,0.7756,0.8998,1,29.618,1.339,0.99896,3,3,0,2,3
BraTS2022_01328,PAGODA Net (RA-I 3x6),1.0000,1.0000,1.000000,1.000000,,,,0,0.00,0.000,1.00000,0,0,0,0,3
BraTS2022_01343,PAGODA Net (RA-I 3x6),0.9941,0.9500,0.971551,0.944675,1.7321,0.8841,0.9808,1,19.609,0.111,0.99992,2,2,0,0,3
BraTS2022_01349,PAGODA Net (RA-I 3x6),1.0000,1.0000,1.000000,1.000000,,,,0,0.00,0.000,1.00000,0,0,0,0,3
BraTS2022_01363,PAGODA Net (RA-I 3x6),0.8691,0.9346,0.900629,0.819222,5.6569,0.8226,0.8916,1,6.740,0.949,0.99925,1,1,0,1,3
BraTS2022_01387,PAGODA Net (RA-I 3x6),0.6999,0.5635,0.624339,0.453847,18.1659,0.6920,0.7941,1,12.887,3.114,0.99788,2,1,1,2,3
BraTS2022_01393,PAGODA Net (RA-I 3x6),0.9858,0.9812,0.983491,0.967518,1.4142,0.8814,0.9889,1,33.544,0.475,0.99964,2,2,0,0,3
BraTS2022_01403,PAGODA Net (RA-I 3x6),0.9781,0.9776,0.977848,0.956657,1.7321,0.8138,0.9741,1,11.650,0.255,0.99981,1,1,0,1,3
BraTS2022_01413,PAGODA Net (RA-I 3x6),0.9704,0.9796,0.974977,0.951175,1.4142,0.9347,0.9938,1,41.325,1.235,0.99914,2,2,0,1,3
BraTS2022_01423,PAGODA Net (RA-I 3x6),1.0000,1.0000,1.000000,1.000000,,,,0,0.00,0.000,1.00000,0,0,0,0,3
BraTS2022_01426,PAGODA Net (RA-I 3x6),1.0000,1.0000,1.000000,1.000000,,,,0,0.00,0.000,1.00000,0,0,0,0,3
BraTS2022_01440,PAGODA Net (RA-I 3x6),0.9328,0.8511,0.890079,0.801930,3.0000,0.8663,0.9388,1,23.729,1.454,0.99897,2,2,0,3,3
BraTS2022_01441,PAGODA Net (RA-I 3x6),0.9734,0.9638,0.968591,0.939095,2.4495,0.6120,0.9224,1,16.414,0.432,0.99973,3,3,0,1,3
BraTS2022_01456,PAGODA Net (RA-I 3x6),0.9562,0.9825,0.969174,0.940192,1.4142,0.9003,0.9944,1,25.457,1.145,0.99917,1,1,0,1,3
BraTS2022_01468,PAGODA Net (RA-I 3x6),0.9927,0.9816,0.987097,0.974522,1.4142,0.8844,0.9895,1,24.160,0.175,0.99986,1,1,0,0,3
BraTS2022_01475,PAGODA Net (RA-I 3x6),1.0000,0.9876,0.993748,0.987574,2.0000,0.8067,0.9685,1,12.715,0.000,1.00000,2,2,0,0,3
BraTS2022_01500,PAGODA Net (RA-I 3x6),0.9048,0.9586,0.930914,0.870757,1.7321,0.9254,0.9811,1,10.170,1.026,0.99932,1,1,0,1,3
BraTS2022_01528,PAGODA Net (RA-I 3x6),0.9928,0.9902,0.991469,0.983083,1.4142,0.9217,0.9946,1,51.940,0.374,0.99964,2,2,0,0,3
BraTS2022_01535,PAGODA Net (RA-I 3x6),0.9007,0.8823,0.891442,0.804146,2.0000,0.8092,0.9652,1,20.973,2.039,0.99840,2,1,1,3,3
BraTS2022_01571,PAGODA Net (RA-I 3x6),0.9482,0.9376,0.942868,0.891911,1.4142,0.8828,0.9920,1,17.100,0.876,0.99941,2,2,0,1,3
BraTS2022_01580,PAGODA Net (RA-I 3x6),0.9849,0.9861,0.985485,0.971386,1.7321,0.8437,0.9824,1,28.506,0.431,0.99969,1,1,0,0,3
BraTS2022_01599,PAGODA Net (RA-I 3x6),0.9379,0.9057,0.921552,0.854517,1.7321,0.8949,0.9824,1,28.748,1.723,0.99875,2,2,0,1,3
BraTS2022_01608,PAGODA Net (RA-I 3x6),0.8116,0.8931,0.850385,0.739713,3.4641,0.8803,0.9278,1,2.657,0.551,0.99961,3,3,0,1,3
BraTS2022_01612,PAGODA Net (RA-I 3x6),0.9790,0.9603,0.969583,0.940962,1.4142,0.9461,0.9954,1,21.758,0.448,0.99968,2,2,0,0,3
BraTS2022_01617,PAGODA Net (RA-I 3x6),0.9840,0.9487,0.966033,0.934299,1.4142,0.9504,0.9866,1,35.645,0.549,0.99958,1,1,0,0,3
BraTS2022_01639,PAGODA Net (RA-I 3x6),1.0000,1.0000,1.000000,1.000000,,,,0,0.00,0.000,1.00000,0,0,0,0,3
BraTS2022_01664,PAGODA Net (RA-I 3x6),1.0000,1.0000,1.000000,1.000000,,,,0,0.00,0.000,1.00000,0,0,0,0,3
BraTS2022_00006,PAGODA Net (RA-I 4x6),0.9913,0.9820,0.986615,0.973583,1.7321,0.8584,0.9896,1,7.769,0.067,0.99996,1,1,0,0,3
BraTS2022_00007,PAGODA Net (RA-I 4x6),0.9255,0.8679,0.895785,0.811241,2.2361,0.8410,0.9597,1,51.604,3.604,0.99742,3,3,0,1,3
BraTS2022_00026,PAGODA Net (RA-I 4x6),0.9805,0.9644,0.972386,0.946256,1.0000,0.9549,0.9974,1,18.714,0.358,0.99973,1,1,0,0,3
BraTS2022_00031,PAGODA Net (RA-I 4x6),0.9846,0.9897,0.987122,0.974571,1.0000,0.9735,0.9978,1,26.100,0.405,0.99970,1,1,0,0,3
BraTS2022_00032,PAGODA Net (RA-I 4x6),1.0000,1.0000,1.000000,1.000000,,,,0,0.00,0.000,1.00000,0,0,0,0,3
BraTS2022_00057,PAGODA Net (RA-I 4x6),0.9539,0.9774,0.965467,0.933240,11.4455,0.8831,0.9286,1,5.435,0.257,0.99982,1,1,0,0,3
BraTS2022_00095,PAGODA Net (RA-I 4x6),0.9304,0.9804,0.954713,0.913350,2.8284,0.5042,0.8557,1,17.020,1.249,0.99913,1,1,0,1,3
BraTS2022_00104,PAGODA Net (RA-I 4x6),0.9767,0.9381,0.957007,0.917559,1.4142,0.9318,0.9909,1,16.254,0.364,0.99975,1,1,0,1,3
BraTS2022_00105,PAGODA Net (RA-I 4x6),0.9690,0.9581,0.963528,0.929623,2.0000,0.7227,0.9567,1,9.816,0.301,0.99978,1,1,0,1,3
BraTS2022_00112,PAGODA Net (RA-I 4x6),0.8628,0.8904,0.876362,0.779933,1.4142,0.9016,0.9903,1,8.128,1.151,0.99906,2,2,0,1,3
BraTS2022_00139,PAGODA Net (RA-I 4x6),0.0000,0.0000,0.000000,0.000000,,,,1,1.287,0.000,1.00000,3,0,3,0,3
BraTS2022_00144,PAGODA Net (RA-I 4x6),0.8555,0.9181,0.885721,0.794883,3.4272,0.6258,0.9159,1,4.128,0.640,0.99951,1,1,0,1,3
BraTS2022_00152,PAGODA Net (RA-I 4x6),1.0000,1.0000,1.000000,1.000000,,,,0,0.00,0.000,1.00000,0,0,0,0,3
BraTS2022_00159,PAGODA Net (RA-I 4x6),0.9709,0.9907,0.980721,0.962172,2.0000,0.7476,0.9675,1,15.866,0.471,0.99965,1,1,0,1,3
BraTS2022_00160,PAGODA Net (RA-I 4x6),0.9511,0.9859,0.968175,0.938314,1.4142,0.9322,0.9927,1,10.013,0.508,0.99964,2,2,0,1,3
BraTS2022_00167,PAGODA Net (RA-I 4x6),0.0000,0.0000,0.000000,0.000000,,,,0,0.00,0.770,0.99939,0,0,0,2,3
BraTS2022_00186,PAGODA Net (RA-I 4x6),1.0000,1.0000,1.000000,1.000000,,,,0,0.00,0.000,1.00000,0,0,0,0,3
BraTS2022_00189,PAGODA Net (RA-I 4x6),0.9842,0.9561,0.969901,0.941561,1.4142,0.9461,0.9970,1,8.443,0.130,0.99991,1,1,0,0,3
BraTS2022_00198,PAGODA Net (RA-I 4x6),0.9844,0.9415,0.962476,0.927667,1.4142,0.9224,0.9933,1,2.956,0.044,0.99997,1,1,0,0,3
BraTS2022_00200,PAGODA Net (RA-I 4x6),0.9903,0.9956,0.992968,0.986035,1.7321,0.8437,0.9829,1,36.665,0.356,0.99971,4,4,0,1,3
BraTS2022_00235,PAGODA Net (RA-I 4x6),0.9344,0.9675,0.950688,0.906010,2.0000,0.8800,0.9695,1,24.509,1.664,0.99860,1,1,0,2,3
BraTS2022_00245,PAGODA Net (RA-I 4x6),0.9723,0.9800,0.976119,0.953353,2.0000,0.7889,0.9544,1,10.344,0.289,0.99979,1,1,0,0,3
BraTS2022_00260,PAGODA Net (RA-I 4x6),0.9189,0.9079,0.913394,0.840593,4.0000,0.8726,0.9214,1,22.169,1.776,0.99862,2,2,0,2,3
BraTS2022_00280,PAGODA Net (RA-I 4x6),0.9867,0.9424,0.964052,0.930598,2.2361,0.9071,0.9709,1,11.240,0.143,0.99988,1,1,0,0,3
BraTS2022_00285,PAGODA Net (RA-I 4x6),0.9269,0.7941,0.855391,0.747322,10.6301,0.6055,0.8115,1,6.149,0.385,0.99972,4,2,2,1,3
BraTS2022_00294,PAGODA Net (RA-I 4x6),0.9052,0.8089,0.854342,0.745722,3.5348,0.8980,0.9325,1,10.830,0.917,0.99936,1,1,0,1,3
BraTS2022_00297,PAGODA Net (RA-I 4x6),0.8613,0.7339,0.792529,0.656354,4.0000,0.7482,0.8845,1,1.879,0.222,0.99984,1,1,0,1,3
BraTS2022_00307,PAGODA Net (RA-I 4x6),1.0000,0.9802,0.989988,0.980174,1.7321,0.9536,0.9776,1,33.945,0.000,1.00000,1,1,0,0,3
BraTS2022_00322,PAGODA Net (RA-I 4x6),0.9667,0.9519,0.959205,0.921609,2.4495,0.8900,0.9416,1,23.183,0.761,0.99941,2,1,1,1,3
BraTS2022_00347,PAGODA Net (RA-I 4x6),0.9900,0.9047,0.945470,0.896580,2.2361,0.7727,0.9598,1,23.064,0.210,0.99986,1,1,0,0,3
BraTS2022_00356,PAGODA Net (RA-I 4x6),0.9142,0.9573,0.935271,0.878413,2.0000,0.8402,0.9730,1,35.930,3.227,0.99732,3,3,0,1,3
BraTS2022_00366,PAGODA Net (RA-I 4x6),0.9827,0.9843,0.983472,0.967482,1.4142,0.9033,0.9948,1,29.654,0.514,0.99966,2,2,0,0,3
BraTS2022_00367,PAGODA Net (RA-I 4x6),1.0000,1.0000,1.000000,1.000000,,,,0,0.00,0.000,1.00000,0,0,0,0,3
BraTS2022_00373,PAGODA Net (RA-I 4x6),0.9639,0.9628,0.963352,0.929296,1.4142,0.9366,0.9971,1,26.551,0.958,0.99936,1,1,0,1,3
BraTS2022_00376,PAGODA Net (RA-I 4x6),0.9400,0.9406,0.940307,0.887340,16.3401,0.7567,0.8832,1,21.109,1.268,0.99914,1,1,0,2,3
BraTS2022_00429,PAGODA Net (RA-I 4x6),0.9952,0.9821,0.988597,0.977450,1.7321,0.8740,0.9821,1,25.334,0.121,0.99991,2,2,0,0,3
BraTS2022_00433,PAGODA Net (RA-I 4x6),1.0000,1.0000,1.000000,1.000000,,,,0,0.00,0.000,1.00000,0,0,0,0,3
BraTS2022_00436,PAGODA Net (RA-I 4x6),0.9661,0.9814,0.973708,0.948764,1.4142,0.9662,0.9914,1,23.114,0.795,0.99938,2,2,0,1,3
BraTS2022_00443,PAGODA Net (RA-I 4x6),0.9803,0.9940,0.987120,0.974568,1.4142,0.9548,0.9970,1,33.502,0.668,0.99943,2,2,0,1,3
BraTS2022_00444,PAGODA Net (RA-I 4x6),0.9683,0.9497,0.958903,0.921050,1.4142,0.9255,0.9908,1,36.547,1.135,0.99921,1,1,0,1,3
BraTS2022_00451,PAGODA Net (RA-I 4x6),0.9542,0.9657,0.959910,0.922911,2.0000,0.7391,0.9641,1,30.164,1.397,0.99899,2,2,0,1,3
BraTS2022_00464,PAGODA Net (RA-I 4x6),0.9635,0.9692,0.966322,0.934838,1.0000,0.9633,0.9986,1,19.569,0.719,0.99948,1,1,0,1,3
BraTS2022_00473,PAGODA Net (RA-I 4x6),0.8697,0.6194,0.723516,0.566804,10.0195,0.6168,0.8456,1,5.315,0.493,0.99961,1,1,0,1,3
BraTS2022_00478,PAGODA Net (RA-I 4x6),0.0000,0.0000,0.000000,0.000000,,,,1,0.554,0.000,1.00000,1,0,1,0,3
BraTS2022_00481,PAGODA Net (RA-I 4x6),1.0000,1.0000,1.000000,1.000000,,,,0,0.00,0.000,1.00000,0,0,0,0,3
BraTS2022_00488,PAGODA Net (RA-I 4x6),0.9712,0.9260,0.948069,0.901265,1.7321,0.8622,0.9841,1,12.006,0.330,0.99976,1,1,0,1,3
BraTS2022_00495,PAGODA Net (RA-I 4x6),0.8238,0.7908,0.806969,0.676403,4.4721,0.7748,0.8791,1,16.633,2.814,0.99806,2,1,1,2,3
BraTS2022_00530,PAGODA Net (RA-I 4x6),0.9739,0.9205,0.946439,0.898324,2.8284,0.8281,0.9543,1,33.768,0.832,0.99945,2,1,1,1,3
BraTS2022_00544,PAGODA Net (RA-I 4x6),0.9022,0.9353,0.918465,0.849224,4.8260,0.7103,0.8998,1,1.638,0.166,0.99989,1,1,0,1,3
BraTS2022_00635,PAGODA Net (RA-I 4x6),0.8923,0.9392,0.915159,0.843588,2.0000,0.8896,0.9730,1,23.780,2.695,0.99804,2,2,0,3,3
BraTS2022_00639,PAGODA Net (RA-I 4x6),0.9686,0.9461,0.957231,0.917971,1.4142,0.9293,0.9919,1,16.926,0.519,0.99958,2,2,0,1,3
BraTS2022_00650,PAGODA Net (RA-I 4x6),1.0000,1.0000,1.000000,1.000000,,,,0,0.00,0.000,1.00000,0,0,0,0,3
BraTS2022_00696,PAGODA Net (RA-I 4x6),1.0000,1.0000,1.000000,1.000000,,,,0,0.00,0.000,1.00000,0,0,0,0,3
BraTS2022_00699,PAGODA Net (RA-I 4x6),1.0000,1.0000,1.000000,1.000000,,,,0,0.00,0.000,1.00000,0,0,0,0,3
BraTS2022_00714,PAGODA Net (RA-I 4x6),0.9217,0.9216,0.921668,0.854717,1.4142,0.9018,0.9914,1,19.604,1.534,0.99897,2,2,0,1,3
BraTS2022_00715,PAGODA Net (RA-I 4x6),0.9560,0.9408,0.948340,0.901756,1.7321,0.8129,0.9677,1,2.839,0.123,0.99992,1,1,0,0,3
BraTS2022_00731,PAGODA Net (RA-I 4x6),0.9515,0.9352,0.943286,0.892660,2.0000,0.8808,0.9657,1,44.239,2.109,0.99846,1,1,0,1,3
BraTS2022_00741,PAGODA Net (RA-I 4x6),0.9231,0.9791,0.950279,0.905269,2.4495,0.9004,0.9612,1,13.723,1.119,0.99910,1,1,0,2,3
BraTS2022_00758,PAGODA Net (RA-I 4x6),0.7885,0.8909,0.836584,0.719076,2.4495,0.7752,0.9489,1,14.179,3.388,0.99744,2,2,0,1,3
BraTS2022_00764,PAGODA Net (RA-I 4x6),0.8655,0.8907,0.877955,0.782460,4.6904,0.7001,0.8675,1,12.320,1.705,0.99870,1,1,0,3,3
BraTS2022_00791,PAGODA Net (RA-I 4x6),0.9940,0.9718,0.982798,0.966179,1.4142,0.9294,0.9946,1,11.611,0.068,0.99995,2,2,0,0,3
BraTS2022_00809,PAGODA Net (RA-I 4x6),0.9926,0.9494,0.970511,0.942711,1.7321,0.8525,0.9763,1,23.555,0.167,0.99988,2,2,0,0,3
BraTS2022_00814,PAGODA Net (RA-I 4x6),1.0000,1.0000,1.000000,1.000000,,,,0,0.00,0.000,1.00000,0,0,0,0,3
BraTS2022_00829,PAGODA Net (RA-I 4x6),0.9317,0.9551,0.943263,0.892618,1.4142,0.8682,0.9898,1,20.357,1.425,0.99881,2,2,0,1,3
BraTS2022_00839,PAGODA Net (RA-I 4x6),1.0000,1.0000,1.000000,1.000000,,,,0,0.00,0.000,1.00000,0,0,0,0,3
BraTS2022_00845,PAGODA Net (RA-I 4x6),0.7377,0.7695,0.753260,0.604184,8.7378,0.8384,0.8848,1,6.530,1.787,0.99872,1,1,0,3,3
BraTS2022_00848,PAGODA Net (RA-I 4x6),1.0000,1.0000,1.000000,1.000000,,,,0,0.00,0.000,1.00000,0,0,0,0,3
BraTS2022_00853,PAGODA Net (RA-I 4x6),0.9576,0.9801,0.968718,0.939333,1.4142,0.9263,0.9896,1,32.574,1.415,0.99897,2,2,0,1,3
BraTS2022_00862,PAGODA Net (RA-I 4x6),0.8960,0.8785,0.887192,0.797255,2.0000,0.8253,0.9585,1,6.414,0.654,0.99955,1,1,0,1,3
BraTS2022_00884,PAGODA Net (RA-I 4x6),0.9201,0.8947,0.907205,0.830169,2.4495,0.7490,0.9412,1,13.145,1.022,0.99923,1,1,0,1,3
BraTS2022_00909,PAGODA Net (RA-I 4x6),0.9621,0.9860,0.973901,0.949130,1.7321,0.8633,0.9870,1,23.672,0.920,0.99935,1,1,0,1,3
BraTS2022_00932,PAGODA Net (RA-I 4x6),0.6073,0.8500,0.708433,0.548507,1.7321,0.8410,0.9898,1,10.263,5.642,0.99593,1,1,0,1,3
BraTS2022_00937,PAGODA Net (RA-I 4x6),0.9404,0.9558,0.948008,0.901156,3.7933,0.7973,0.9037,1,17.542,1.063,0.99920,2,2,0,1,3
BraTS2022_00978,PAGODA Net (RA-I 4x6),0.9822,0.9761,0.979112,0.959079,1.7321,0.8945,0.9855,1,13.663,0.242,0.99983,1,1,0,0,3
BraTS2022_00986,PAGODA Net (RA-I 4x6),0.9883,0.9640,0.976027,0.953176,1.7321,0.8611,0.9792,1,54.460,0.619,0.99957,1,1,0,0,3
BraTS2022_00999,PAGODA Net (RA-I 4x6),1.0000,1.0000,1.000000,1.000000,,,,0,0.00,0.000,1.00000,0,0,0,0,3
BraTS2022_01021,PAGODA Net (RA-I 4x6),0.9483,0.9913,0.969344,0.940511,2.4495,0.8568,0.9653,1,14.768,0.798,0.99946,1,1,0,1,3
BraTS2022_01026,PAGODA Net (RA-I 4x6),0.8078,0.7318,0.767940,0.623298,3.6532,0.8492,0.9291,1,0.563,0.098,0.99993,1,1,0,0,3
BraTS2022_01029,PAGODA Net (RA-I 4x6),0.9914,0.9785,0.984911,0.970270,1.0000,0.9713,0.9913,1,34.386,0.293,0.99977,1,1,0,0,3
BraTS2022_01038,PAGODA Net (RA-I 4x6),1.0000,1.0000,1.000000,1.000000,,,,0,0.00,0.000,1.00000,0,0,0,0,3
BraTS2022_01072,PAGODA Net (RA-I 4x6),0.9742,0.9327,0.953032,0.910279,1.7321,0.9368,0.9729,1,9.561,0.236,0.99984,2,2,0,1,3
BraTS2022_01078,PAGODA Net (RA-I 4x6),0.9485,0.9520,0.950244,0.905204,1.4142,0.9190,0.9934,1,31.957,1.652,0.99864,2,2,0,2,3
BraTS2022_01085,PAGODA Net (RA-I 4x6),0.8836,0.8755,0.879522,0.784953,2.4495,0.7838,0.9381,1,1.430,0.165,0.99988,1,1,0,1,3
BraTS2022_01089,PAGODA Net (RA-I 4x6),0.8771,0.9271,0.901418,0.820529,1.4142,0.9315,0.9856,1,5.622,0.730,0.99952,1,1,0,0,3
BraTS2022_01090,PAGODA Net (RA-I 4x6),0.8858,0.9365,0.910473,0.835658,2.4495,0.8763,0.9528,1,19.894,2.401,0.99821,1,1,0,2,3
BraTS2022_01091,PAGODA Net (RA-I 4x6),1.0000,1.0000,1.000000,1.000000,,,,0,0.00,0.000,1.00000,0,0,0,0,3
BraTS2022_01132,PAGODA Net (RA-I 4x6),0.8860,0.8726,0.879246,0.784514,2.4495,0.7714,0.9390,1,10.055,1.129,0.99921,1,1,0,1,3
BraTS2022_01153,PAGODA Net (RA-I 4x6),0.9579,0.8813,0.918041,0.848499,3.6056,0.5107,0.8249,1,8.369,0.324,0.99975,1,1,0,1,3
BraTS2022_01154,PAGODA Net (RA-I 4x6),0.9702,0.9225,0.945741,0.897068,4.0000,0.8618,0.9262,1,1.625,0.046,0.99997,1,1,0,0,3
BraTS2022_01160,PAGODA Net (RA-I 4x6),1.0000,1.0000,1.000000,1.000000,,,,0,0.00,0.000,1.00000,0,0,0,0,3
BraTS2022_01166,PAGODA Net (RA-I 4x6),0.0000,0.0000,0.000000,0.000000,,,,0,0.00,0.359,0.99968,0,0,0,1,3
BraTS2022_01168,PAGODA Net (RA-I 4x6),1.0000,1.0000,1.000000,1.000000,,,,0,0.00,0.000,1.00000,0,0,0,0,3
BraTS2022_01176,PAGODA Net (RA-I 4x6),0.8927,0.9728,0.931021,0.870944,2.2361,0.7617,0.9533,1,7.395,0.865,0.99931,1,1,0,1,3
BraTS2022_01202,PAGODA Net (RA-I 4x6),0.9721,0.9651,0.968603,0.939118,1.0000,0.9747,0.9958,1,40.708,1.127,0.99905,1,1,0,1,3
BraTS2022_01203,PAGODA Net (RA-I 4x6),0.9931,0.9881,0.990585,0.981345,1.0000,0.9731,0.9965,1,27.792,0.190,0.99986,2,2,0,0,3
BraTS2022_01204,PAGODA Net (RA-I 4x6),0.9707,0.9841,0.977352,0.955708,1.0000,0.9700,0.9989,1,43.436,1.290,0.99912,3,3,0,1,3
BraTS2022_01215,PAGODA Net (RA-I 4x6),0.9877,0.9457,0.966211,0.934631,2.2361,0.6764,0.9415,1,26.096,0.308,0.99975,1,1,0,0,3
BraTS2022_01243,PAGODA Net (RA-I 4x6),1.0000,1.0000,1.000000,1.000000,,,,0,0.00,0.000,1.00000,0,0,0,0,3
BraTS2022_01255,PAGODA Net (RA-I 4x6),0.9850,0.9197,0.951234,0.907003,3.0000,0.8221,0.9549,1,5.154,0.072,0.99995,1,1,0,0,3
BraTS2022_01269,PAGODA Net (RA-I 4x6),0.9924,0.9823,0.987333,0.974983,1.0000,0.9550,0.9981,1,30.707,0.232,0.99982,1,1,0,0,3
BraTS2022_01304,PAGODA Net (RA-I 4x6),0.9851,0.9715,0.978271,0.957466,2.0000,0.7852,0.9659,1,13.346,0.196,0.99985,1,1,0,0,3
BraTS2022_01320,PAGODA Net (RA-I 4x6),1.0000,1.0000,1.000000,1.000000,,,,0,0.00,0.000,1.00000,0,0,0,0,3
BraTS2022_01323,PAGODA Net (RA-I 4x6),0.9498,0.9900,0.969489,0.940785,1.4142,0.9624,0.9853,1,15.262,0.798,0.99935,1,1,0,1,3
BraTS2022_01326,PAGODA Net (RA-I 4x6),0.9516,0.9620,0.956766,0.917115,2.2361,0.8961,0.9520,1,29.618,1.449,0.99888,3,3,0,1,3
BraTS2022_01328,PAGODA Net (RA-I 4x6),1.0000,1.0000,1.000000,1.000000,,,,0,0.00,0.000,1.00000,0,0,0,0,3
BraTS2022_01343,PAGODA Net (RA-I 4x6),0.9875,0.9403,0.963325,0.929245,1.7321,0.9242,0.9804,1,19.609,0.234,0.99982,2,2,0,1,3
BraTS2022_01349,PAGODA Net (RA-I 4x6),1.0000,1.0000,1.000000,1.000000,,,,0,0.00,0.000,1.00000,0,0,0,0,3
BraTS2022_01363,PAGODA Net (RA-I 4x6),0.9053,0.9175,0.911355,0.837146,2.4495,0.8238,0.9434,1,6.740,0.647,0.99949,1,1,0,1,3
BraTS2022_01387,PAGODA Net (RA-I 4x6),0.7759,0.7631,0.769423,0.625254,5.8050,0.5865,0.8183,1,12.887,2.841,0.99807,2,1,1,5,3
BraTS2022_01393,PAGODA Net (RA-I 4x6),0.9732,0.9826,0.977927,0.956807,1.4142,0.9592,0.9919,1,33.544,0.906,0.99932,2,2,0,1,3
BraTS2022_01403,PAGODA Net (RA-I 4x6),0.9297,0.9054,0.917377,0.847365,1.0000,0.9641,0.9983,1,11.650,0.798,0.99941,1,1,0,2,3
BraTS2022_01413,PAGODA Net (RA-I 4x6),0.9660,0.9472,0.956529,0.916680,1.7321,0.8604,0.9817,1,41.325,1.378,0.99904,2,2,0,1,3
BraTS2022_01423,PAGODA Net (RA-I 4x6),1.0000,1.0000,1.000000,1.000000,,,,0,0.00,0.000,1.00000,0,0,0,0,3
BraTS2022_01426,PAGODA Net (RA-I 4x6),1.0000,1.0000,1.000000,1.000000,,,,0,0.00,0.000,1.00000,0,0,0,0,3
BraTS2022_01440,PAGODA Net (RA-I 4x6),0.9419,0.7983,0.864162,0.760815,3.1623,0.7866,0.9407,1,23.729,1.168,0.99917,2,1,1,1,3
BraTS2022_01441,PAGODA Net (RA-I 4x6),0.9665,0.9374,0.951724,0.907895,1.7321,0.8680,0.9911,1,16.414,0.534,0.99966,3,2,1,1,3
BraTS2022_01456,PAGODA Net (RA-I 4x6),0.9865,0.9847,0.985590,0.971590,1.0000,0.9747,0.9992,1,25.457,0.344,0.99975,1,1,0,0,3
BraTS2022_01468,PAGODA Net (RA-I 4x6),0.9903,0.9871,0.988724,0.977699,1.0000,0.9798,0.9929,1,24.160,0.233,0.99981,1,1,0,0,3
BraTS2022_01475,PAGODA Net (RA-I 4x6),0.9588,0.9910,0.974668,0.950588,1.7321,0.8807,0.9863,1,12.715,0.541,0.99958,2,2,0,1,3
BraTS2022_01500,PAGODA Net (RA-I 4x6),0.9000,0.9081,0.904018,0.824848,2.2361,0.8258,0.9499,1,10.170,1.026,0.99932,1,1,0,2,3
BraTS2022_01528,PAGODA Net (RA-I 4x6),0.9931,0.9936,0.993321,0.986730,1.0000,0.9735,0.9983,1,51.940,0.359,0.99966,2,2,0,0,3
BraTS2022_01535,PAGODA Net (RA-I 4x6),0.8798,0.8260,0.852028,0.742202,2.4495,0.8773,0.9471,1,20.973,2.367,0.99814,2,2,0,1,3
BraTS2022_01571,PAGODA Net (RA-I 4x6),0.9296,0.9548,0.942042,0.890434,1.0000,0.9605,0.9984,1,17.100,1.236,0.99917,2,2,0,1,3
BraTS2022_01580,PAGODA Net (RA-I 4x6),0.9939,0.9512,0.972073,0.945663,1.7321,0.9419,0.9870,1,28.506,0.167,0.99988,1,1,0,0,3
BraTS2022_01599,PAGODA Net (RA-I 4x6),0.9608,0.9614,0.961086,0.925088,1.4142,0.9313,0.9965,1,28.748,1.127,0.99918,2,2,0,1,3
BraTS2022_01608,PAGODA Net (RA-I 4x6),0.9528,0.9567,0.954742,0.913403,1.7321,0.8027,0.9727,1,2.657,0.126,0.99991,3,3,0,1,3
BraTS2022_01612,PAGODA Net (RA-I 4x6),0.9792,0.9153,0.946193,0.897881,2.0000,0.8907,0.9739,1,21.758,0.422,0.99969,2,2,0,0,3
BraTS2022_01617,PAGODA Net (RA-I 4x6),0.9637,0.9577,0.960672,0.924320,2.0000,0.7787,0.9686,1,35.645,1.287,0.99901,1,1,0,1,3
BraTS2022_01639,PAGODA Net (RA-I 4x6),1.0000,1.0000,1.000000,1.000000,,,,0,0.00,0.000,1.00000,0,0,0,0,3
BraTS2022_01664,PAGODA Net (RA-I 4x6),1.0000,1.0000,1.000000,1.000000,,,,0,0.00,0.000,1.00000,0,0,0,0,3
