Block,Model,Run,Subcohort,n_subjects,Precision,Recall,DSC,HD95_mm,NSD_1mm,Precision_mean,Precision_sd,Recall_mean,Recall_sd,DSC_mean,DSC_sd,HD95_mm_mean,HD95_mm_sd,NSD_1mm_mean,NSD_1mm_sd
lesion-only multi-run,DUCK-Net,1-3,Edema+Hemorrhage,31,0.7707 ± 0.022,0.7446 ± 0.010,0.7500 ± 0.016,7.55 ± 0.40,0.7066 ± 0.019,0.7707032258064516,0.021980990983579144,0.7446365591397849,0.009515025268592278,0.7500247849462366,0.015743168217806938,7.5467186206896555,0.39925563901899536,0.7065930268199234,0.019291589860929267
lesion-only multi-run,Ensemble-nnUnet,1-3,Edema+Hemorrhage,31,0.8404 ± 0.018,0.7546 ± 0.017,0.7884 ± 0.012,5.17 ± 0.06,0.7757 ± 0.018,0.8403860215053763,0.017731117620856076,0.7545870967741936,0.0167603817206362,0.7884260860215053,0.012057179169128967,5.171578637992831,0.05818915521929421,0.7757185304659497,0.01778355117798742
lesion-only multi-run,IEGResUNet,1-3,Edema+Hemorrhage,31,0.8390 ± 0.013,0.8347 ± 0.010,0.8334 ± 0.009,4.06 ± 0.13,0.7842 ± 0.006,0.8389784946236559,0.01264452777105162,0.8347301075268817,0.010367708981486704,0.8334466989247312,0.009055038592225593,4.06292064516129,0.13372911632557793,0.7842074551971326,0.006060440655054884
lesion-only multi-run,PAGODA-Net (3x6),1-3,Edema+Hemorrhage,31,0.8885 ± 0.015,0.8605 ± 0.008,0.8718 ± 0.009,2.37 ± 0.11,0.8912 ± 0.006,0.8885247311827958,0.015242593374889679,0.8605376344086021,0.008464227432462003,0.8717911505376343,0.008824560644266817,2.3722041935483866,0.11065311025466018,0.8911779569892473,0.006179556738331031
lesion-only multi-run,PAGODA-Net (4x6),1-3,Edema+Hemorrhage,31,0.8959 ± 0.014,0.8908 ± 0.007,0.8908 ± 0.007,1.82 ± 0.10,0.9051 ± 0.010,0.8959193548387097,0.013710131301784601,0.8908043010752689,0.006995043089091362,0.8907686989247313,0.007219701768692356,1.8153954838709676,0.10286038523896777,0.9051020788530466,0.010327213608804663
lesion-only per run (mean ± subject SD),DUCK-Net,1,Edema+Hemorrhage,31,0.7689 ± 0.201,0.7440 ± 0.231,0.7457 ± 0.215,7.57 ± 6.44,0.6920 ± 0.186,0.7689322580645163,0.20062445744407928,0.7440193548387095,0.23135377587777387,0.745741129032258,0.21467062304994008,7.5655600000000005,6.43902903778041,0.6919533333333333,0.18585371654616703
lesion-only per run (mean ± subject SD),DUCK-Net,2,Edema+Hemorrhage,31,0.7497 ± 0.233,0.7354 ± 0.244,0.7369 ± 0.231,7.14 ± 5.51,0.6994 ± 0.159,0.7496612903225806,0.2329912854985773,0.7354451612903226,0.2437384689083905,0.7368667741935482,0.23111637117416406,7.1383758620689655,5.507336911965396,0.6993724137931033,0.15936000326428865
lesion-only per run (mean ± subject SD),DUCK-Net,3,Edema+Hemorrhage,31,0.7935 ± 0.193,0.7544 ± 0.225,0.7675 ± 0.213,7.94 ± 7.13,0.7285 ± 0.154,0.793516129032258,0.19349186562880655,0.7544451612903228,0.22527190065741987,0.7674664516129033,0.2127699223071467,7.93622,7.12934616591026,0.7284533333333333,0.15425807693229737
lesion-only per run (mean ± subject SD),Ensemble-nnUnet,1,Edema+Hemorrhage,31,0.8310 ± 0.179,0.7359 ± 0.205,0.7746 ± 0.187,5.12 ± 4.11,0.7620 ± 0.124,0.8309709677419355,0.17905066171998804,0.7358870967741935,0.205324240721735,0.7746105806451614,0.18680865020688492,5.122890000000002,4.114438149128018,0.7620100000000001,0.1244651352650682
lesion-only per run (mean ± subject SD),Ensemble-nnUnet,2,Edema+Hemorrhage,31,0.8608 ± 0.097,0.7596 ± 0.197,0.7968 ± 0.163,5.16 ± 5.03,0.7693 ± 0.146,0.8608387096774195,0.09652145073305159,0.7596193548387098,0.19697727689483174,0.7968252903225806,0.16275343227618755,5.155822580645163,5.033865128885204,0.7693322580645161,0.14591890073392771
lesion-only per run (mean ± subject SD),Ensemble-nnUnet,3,Edema+Hemorrhage,31,0.8293 ± 0.176,0.7683 ± 0.203,0.7938 ± 0.188,5.24 ± 5.39,0.7958 ± 0.109,0.8293483870967743,0.17550138436484908,0.7682548387096774,0.20312611327072924,0.7938423870967741,0.18789659363520092,5.236023333333332,5.386853021921204,0.7958133333333334,0.10908676310651752
lesion-only per run (mean ± subject SD),IEGResUNet,1,Edema+Hemorrhage,31,0.8517 ± 0.116,0.8466 ± 0.137,0.8435 ± 0.128,4.16 ± 3.25,0.7867 ± 0.125,0.8517129032258064,0.11614845598610853,0.8466483870967743,0.13719529358052035,0.8435121290322579,0.12759883001050387,4.16004193548387,3.2507139505831835,0.7867290322580647,0.1248978948142532
lesion-only per run (mean ± subject SD),IEGResUNet,2,Edema+Hemorrhage,31,0.8388 ± 0.180,0.8297 ± 0.191,0.8309 ± 0.184,3.91 ± 2.88,0.7773 ± 0.117,0.8387967741935484,0.1802137240128527,0.8297483870967743,0.1914984105607977,0.8308653225806452,0.18385775344296054,3.9103933333333334,2.8753616098745267,0.7772933333333332,0.11744340950765014
lesion-only per run (mean ± subject SD),IEGResUNet,3,Edema+Hemorrhage,31,0.8264 ± 0.187,0.8278 ± 0.185,0.8260 ± 0.185,4.12 ± 2.56,0.7886 ± 0.112,0.8264258064516128,0.18719696751059106,0.8277935483870966,0.18536878366377993,0.8259626451612903,0.18471877738561546,4.1183266666666665,2.5608612535539725,0.7886000000000001,0.11164868546255814
lesion-only per run (mean ± subject SD),PAGODA-Net (3x6),1,Edema+Hemorrhage,31,0.8778 ± 0.171,0.8516 ± 0.180,0.8634 ± 0.174,2.43 ± 1.92,0.8983 ± 0.084,0.8777870967741938,0.17083874607737654,0.8516387096774194,0.18041066427721572,0.8633989032258065,0.17374401687259236,2.4294333333333338,1.918026409392331,0.8983066666666667,0.08369492191299893
lesion-only per run (mean ± subject SD),PAGODA-Net (3x6),2,Edema+Hemorrhage,31,0.9060 ± 0.054,0.8685 ± 0.139,0.8810 ± 0.109,2.44 ± 1.86,0.8879 ± 0.106,0.9059709677419354,0.054317739235897174,0.8684870967741936,0.1389820605736234,0.8809923225806454,0.10942036109682302,2.4425225806451607,1.8624029024729813,0.8878838709677418,0.10562453659629849
lesion-only per run (mean ± subject SD),PAGODA-Net (3x6),3,Edema+Hemorrhage,31,0.8818 ± 0.174,0.8615 ± 0.174,0.8710 ± 0.173,2.24 ± 1.20,0.8873 ± 0.085,0.8818161290322581,0.17381152262680818,0.8614870967741937,0.1736971631737941,0.8709822258064515,0.1725227448550306,2.2446566666666667,1.2047986575767964,0.8873433333333334,0.08500664348615118
lesion-only per run (mean ± subject SD),PAGODA-Net (4x6),1,Edema+Hemorrhage,31,0.9111 ± 0.115,0.8989 ± 0.130,0.8989 ± 0.125,1.92 ± 1.51,0.8933 ± 0.156,0.9111451612903229,0.11452760319011798,0.898858064516129,0.1301779852719436,0.8988519677419354,0.12490328438849099,1.9216064516129032,1.5141476680375847,0.8933129032258063,0.15584693717862086
lesion-only per run (mean ± subject SD),PAGODA-Net (4x6),2,Edema+Hemorrhage,31,0.8846 ± 0.192,0.8873 ± 0.182,0.8850 ± 0.186,1.72 ± 1.36,0.9094 ± 0.119,0.8845516129032259,0.1917231804294371,0.8873096774193548,0.18158393165850095,0.8849608064516129,0.18553736715145716,1.7162499999999998,1.356769811429668,0.9094433333333335,0.11946547527051149
lesion-only per run (mean ± subject SD),PAGODA-Net (4x6),3,Edema+Hemorrhage,31,0.8921 ± 0.183,0.8862 ± 0.187,0.8885 ± 0.184,1.81 ± 1.50,0.9125 ± 0.123,0.8920612903225807,0.18282407696547948,0.8862451612903224,0.18655872505051357,0.8884933225806448,0.1837078138229994,1.80833,1.4959435163940447,0.9125499999999999,0.12298951665445536
subcohort multi-run,DUCK-Net,1-3,Edema,13,0.7096 ± 0.030,0.6817 ± 0.029,0.6860 ± 0.024,5.28 ± 1.40,0.6998 ± 0.020,0.7096384615384616,0.03015280904809903,0.6816923076923077,0.028641645311571172,0.6859829999999999,0.023999277952526078,5.28208106060606,1.4035956856779945,0.6997608585858587,0.019702928503282136
subcohort multi-run,Ensemble-nnUnet,1-3,Edema,13,0.7815 ± 0.039,0.7140 ± 0.020,0.7400 ± 0.023,4.33 ± 0.28,0.7833 ± 0.029,0.7815256410256409,0.03908135372620779,0.7139641025641025,0.020478051944456146,0.7400201794871796,0.023211599255587134,4.325540384615384,0.28133891771939556,0.7833373931623931,0.02910025215552282
subcohort multi-run,IEGResUNet,1-3,Edema,13,0.7936 ± 0.039,0.7953 ± 0.027,0.7901 ± 0.028,2.44 ± 0.40,0.8539 ± 0.015,0.7935897435897435,0.03864794086795998,0.7953358974358974,0.026571335640348095,0.7900810256410257,0.027901172788793945,2.4438320512820515,0.3981786905653231,0.8539435897435897,0.014620743239984363
subcohort multi-run,PAGODA-Net (3x6),1-3,Edema,13,0.8474 ± 0.039,0.8215 ± 0.017,0.8296 ± 0.020,1.81 ± 0.12,0.9052 ± 0.015,0.8473974358974359,0.038950994346130176,0.821525641025641,0.01723202662536699,0.8296474358974358,0.02043298110859554,1.8088987179487181,0.12365895236762059,0.9051957264957265,0.015412597913610696
subcohort multi-run,PAGODA-Net (4x6),1-3,Edema,13,0.8642 ± 0.038,0.8614 ± 0.015,0.8586 ± 0.020,1.06 ± 0.18,0.9175 ± 0.025,0.8641641025641026,0.03827050429526379,0.8614102564102565,0.015138980082843012,0.8586014102564103,0.020138676971336002,1.0578707264957263,0.18377356281356208,0.9174606837606838,0.024925842267160648
subcohort multi-run,DUCK-Net,1-3,Hemorrhage,18,0.8148 ± 0.020,0.7901 ± 0.006,0.7963 ± 0.012,8.99 ± 0.19,0.7112 ± 0.021,0.8148055555555557,0.02040838683204578,0.7900962962962962,0.005983929954091434,0.7962771851851852,0.011750464054053264,8.993668518518518,0.18848721919645242,0.7112037037037037,0.021023101882386482
subcohort multi-run,Ensemble-nnUnet,1-3,Hemorrhage,18,0.8829 ± 0.008,0.7839 ± 0.015,0.8234 ± 0.007,5.75 ± 0.28,0.7709 ± 0.019,0.8828962962962962,0.007510076221714862,0.7839259259259258,0.01463764208619752,0.8233859074074074,0.006706008655025397,5.751474074074075,0.28192433164897307,0.7709018518518519,0.019139934121864207
subcohort multi-run,IEGResUNet,1-3,Hemorrhage,18,0.8718 ± 0.007,0.8632 ± 0.007,0.8648 ± 0.007,5.17 ± 0.15,0.7368 ± 0.014,0.8717592592592592,0.0065307093496076865,0.8631814814814814,0.0068780073856246765,0.8647663518518519,0.006506593331291408,5.165711111111111,0.15039141072465906,0.736775925925926,0.01352380769182988
subcohort multi-run,PAGODA-Net (3x6),1-3,Hemorrhage,18,0.9182 ± 0.005,0.8887 ± 0.002,0.9022 ± 0.003,2.76 ± 0.12,0.8818 ± 0.009,0.9182277777777778,0.004639826917802055,0.888712962962963,0.0022740506996024043,0.9022282777777778,0.003336416205403492,2.757322222222222,0.11771767583376619,0.881837037037037,0.009151600975322485
subcohort multi-run,PAGODA-Net (4x6),1-3,Hemorrhage,18,0.9189 ± 0.006,0.9120 ± 0.002,0.9140 ± 0.003,2.33 ± 0.09,0.8969 ± 0.001,0.9188537037037037,0.006077159051721248,0.9120333333333334,0.0016949088616745457,0.9140006296296296,0.0034635336155388603,2.33247962962963,0.08916751026484532,0.8969407407407407,0.0005944530978947945
"full cohort multi-run (BraTS empty-mask rule, derived)",DUCK-Net,1-3,All,67,0.8193 ± 0.025,0.8722 ± 0.007,0.8097 ± 0.022,3.69 ± 0.17,0.8564 ± 0.011,0.8192805970149254,0.025080936350811593,0.8722450681171464,0.006811716164283541,0.809712960199005,0.022071247453362204,3.689855628355547,0.16785507743318176,0.8564473297540834,0.010694186388916229
"full cohort multi-run (BraTS empty-mask rule, derived)",Ensemble-nnUnet,1-3,All,67,0.8814 ± 0.023,0.8811 ± 0.008,0.8573 ± 0.017,2.48 ± 0.05,0.8926 ± 0.008,0.8813726368159204,0.022528570130326206,0.8811313007478633,0.007852966180510753,0.8573314726368159,0.01656767460760909,2.477320625073851,0.04966678710430471,0.8926202197802198,0.007613240067194411
"full cohort multi-run (BraTS empty-mask rule, derived)",IEGResUNet,1-3,All,67,0.9006 ± 0.005,0.9216 ± 0.005,0.8981 ± 0.006,1.91 ± 0.08,0.8988 ± 0.003,0.9006218905472636,0.004668770357182193,0.9215937684537684,0.004566021949826658,0.8980624029850747,0.006334473870854544,1.9059276762820516,0.07564375094205467,0.898774391025641,0.003438356779096653
"full cohort multi-run (BraTS empty-mask rule, derived)",PAGODA-Net (3x6),1-3,All,67,0.9285 ± 0.014,0.9341 ± 0.005,0.9208 ± 0.012,1.11 ± 0.06,0.9492 ± 0.003,0.9285213930348258,0.014076419405432705,0.9341375912975912,0.004546398569493432,0.9207789900497513,0.012201698648241693,1.1073459047202796,0.06193558882834049,0.9492250864413364,0.0027105016016731468
"full cohort multi-run (BraTS empty-mask rule, derived)",PAGODA-Net (4x6),1-3,All,67,0.9518 ± 0.006,0.9495 ± 0.003,0.9495 ± 0.003,0.83 ± 0.05,0.9566 ± 0.005,0.9518432835820896,0.006343493587392784,0.9494766169154228,0.0032365124740571993,0.949460144278607,0.0033404590273053824,0.8303944369063773,0.05498035585044932,0.9565750640735716,0.005190489724784988
