Subject_ID,Subcohort,Target_Class,Fold,Model,Precision,Recall,Dice,HD95_mm,NSD_1mm,GT_present,GT_Vol_mm3,Eval_Region_Vol_mm3,FP_Vol_mm3,FP_Detached_Vol_mm3,FP_components,Spurious_Lesion_Vol_mm3,Subject_Clean,TN_Vol_mm3,Voxel_Specificity,Run
sub-7t-001,Healthy,Empty,3,PAGODA-Net (4x6),1.0000,1.0000,1.000000,0.0000,1.0000,0,0.000,138909.375,203.875,203.875,31,0.000,1,138705.500,0.998532,2
sub-7t-002,Hemorrhage,Hemorrhage,5,PAGODA-Net (4x6),0.9674,0.9607,0.964033,1.5000,0.8696,1,17435.500,128767.250,564.750,0.000,0,0.000,,110767.000,0.994927,2
sub-7t-003,Hemorrhage,Hemorrhage,3,PAGODA-Net (4x6),0.9660,0.9628,0.964382,0.8660,0.9735,1,1228.625,141273.000,41.625,0.000,0,0.000,,140002.750,0.999703,2
sub-7t-004,Healthy,Empty,2,PAGODA-Net (4x6),1.0000,1.0000,1.000000,0.0000,1.0000,0,0.000,135829.000,15.000,15.000,3,0.000,1,135814.000,0.999890,2
sub-7t-005,Healthy,Empty,2,PAGODA-Net (4x6),1.0000,1.0000,1.000000,0.0000,1.0000,0,0.000,131905.625,28.750,28.750,7,0.000,1,131876.875,0.999782,2
sub-7t-006,Healthy,Empty,4,PAGODA-Net (4x6),1.0000,1.0000,1.000000,0.0000,1.0000,0,0.000,146888.750,19.250,19.250,28,0.000,1,146869.500,0.999869,2
sub-7t-007,Healthy,Empty,3,PAGODA-Net (4x6),1.0000,1.0000,1.000000,0.0000,1.0000,0,0.000,142869.000,5.125,5.125,1,0.000,1,142863.875,0.999964,2
sub-7t-008,Hemorrhage,Hemorrhage,1,PAGODA-Net (4x6),0.9148,0.9638,0.938650,1.5000,0.9392,1,29007.125,145018.250,2603.000,0.000,0,0.000,,113408.125,0.977562,2
sub-7t-009,Healthy,Empty,3,PAGODA-Net (4x6),1.0000,1.0000,1.000000,0.0000,1.0000,0,0.000,140482.375,34.875,34.875,7,0.000,1,140447.500,0.999752,2
sub-7t-010,Healthy,Empty,2,PAGODA-Net (4x6),1.0000,1.0000,1.000000,0.0000,1.0000,0,0.000,144406.625,2.875,2.875,3,0.000,1,144403.750,0.999980,2
sub-7t-011,Healthy,Empty,1,PAGODA-Net (4x6),1.0000,1.0000,1.000000,0.0000,1.0000,0,0.000,134200.375,11.625,11.625,2,0.000,1,134188.750,0.999913,2
sub-7t-012,Hemorrhage,Hemorrhage,2,PAGODA-Net (4x6),0.9245,0.7393,0.821597,2.8723,0.9023,1,8338.625,136909.750,503.375,0.000,0,0.000,,128067.750,0.996085,2
sub-7t-013,Hemorrhage,Hemorrhage,4,PAGODA-Net (4x6),0.9768,0.9699,0.973317,1.0000,0.9833,1,3730.375,138991.875,86.000,0.000,0,0.000,,135175.500,0.999364,2
sub-7t-014,Healthy,Empty,5,PAGODA-Net (4x6),1.0000,1.0000,1.000000,0.0000,1.0000,0,0.000,153352.000,22.000,22.000,3,0.000,1,153330.000,0.999857,2
sub-7t-015,Healthy,Empty,2,PAGODA-Net (4x6),1.0000,1.0000,1.000000,0.0000,1.0000,0,0.000,133419.625,17.375,17.375,4,0.000,1,133402.250,0.999870,2
sub-7t-016,Hemorrhage,Hemorrhage,5,PAGODA-Net (4x6),0.9473,0.9409,0.944103,0.8660,0.9731,1,1419.250,139789.625,74.250,0.000,0,0.000,,138296.125,0.999463,2
sub-7t-017,Edema,Edema,4,PAGODA-Net (4x6),0.9539,0.9591,0.956500,0.5000,1.0000,1,736.500,144760.250,34.125,0.000,0,0.000,,143989.625,0.999763,2
sub-7t-018,Healthy,Empty,4,PAGODA-Net (4x6),1.0000,1.0000,1.000000,0.0000,1.0000,0,0.000,134505.500,5.750,5.750,4,0.000,1,134499.750,0.999957,2
sub-7t-019,Hemorrhage,Hemorrhage,3,PAGODA-Net (4x6),0.9436,0.9412,0.942435,2.3452,0.9134,1,8207.750,158000.000,461.375,0.000,0,0.000,,149330.875,0.996920,2
sub-7t-020,Healthy,Empty,5,PAGODA-Net (4x6),1.0000,1.0000,1.000000,0.0000,1.0000,0,0.000,137751.750,10.375,10.375,7,0.000,1,137741.375,0.999925,2
sub-7t-021,Healthy,Empty,5,PAGODA-Net (4x6),1.0000,1.0000,1.000000,0.0000,1.0000,0,0.000,141924.750,21.250,21.250,8,0.000,1,141903.500,0.999850,2
sub-7t-022,Edema,Edema,2,PAGODA-Net (4x6),0.0000,0.0000,0.000000,,,1,378.875,144056.500,0.000,0.000,0,0.000,,143677.625,1.000000,2
sub-7t-023,Hemorrhage,Hemorrhage,2,PAGODA-Net (4x6),0.9257,0.8774,0.900933,2.6926,0.8251,1,2861.875,143009.500,201.500,0.000,0,0.000,,139946.125,0.998562,2
sub-7t-024,Edema,Edema,3,PAGODA-Net (4x6),0.5086,0.6708,0.578543,2.4495,0.3914,1,203.500,144590.000,131.875,37.375,1,37.375,,144254.625,0.999087,2
sub-7t-025,Edema,Edema,1,PAGODA-Net (4x6),0.8873,0.9219,0.904276,1.0000,0.9684,1,372.750,143294.625,43.625,9.250,2,0.000,,142878.250,0.999695,2
sub-7t-026,Edema,Edema,2,PAGODA-Net (4x6),0.9534,0.9626,0.957976,1.5000,0.8922,1,1342.500,135960.500,63.125,0.000,0,0.000,,134554.875,0.999531,2
sub-7t-027,Healthy,Empty,1,PAGODA-Net (4x6),1.0000,1.0000,1.000000,0.0000,1.0000,0,0.000,149903.000,0.000,0.000,0,0.000,1,149903.000,1.000000,2
sub-7t-028,Healthy,Empty,5,PAGODA-Net (4x6),1.0000,1.0000,1.000000,0.0000,1.0000,0,0.000,156119.750,5.500,5.500,3,0.000,1,156114.250,0.999965,2
sub-7t-029,Edema,Edema,4,PAGODA-Net (4x6),0.9707,0.9751,0.972939,0.5000,0.9998,1,1679.875,134636.750,49.375,0.000,0,0.000,,132907.500,0.999629,2
sub-7t-030,Healthy,Empty,4,PAGODA-Net (4x6),1.0000,1.0000,1.000000,0.0000,1.0000,0,0.000,140718.000,19.750,19.750,2,0.000,1,140698.250,0.999860,2
sub-7t-031,Healthy,Empty,3,PAGODA-Net (4x6),1.0000,1.0000,1.000000,0.0000,1.0000,0,0.000,137595.500,60.000,60.000,18,0.000,1,137535.500,0.999564,2
sub-7t-032,Healthy,Empty,2,PAGODA-Net (4x6),1.0000,1.0000,1.000000,0.0000,1.0000,0,0.000,147786.625,18.375,18.375,5,0.000,1,147768.250,0.999876,2
sub-7t-033,Edema,Edema,2,PAGODA-Net (4x6),0.9496,0.9509,0.950233,0.5000,1.0000,1,537.125,158000.000,27.125,4.750,1,0.000,,157435.750,0.999828,2
sub-7t-034,Hemorrhage,Hemorrhage,4,PAGODA-Net (4x6),0.9426,0.9471,0.944860,2.0000,0.8665,1,29174.375,138984.500,1681.750,0.000,0,0.000,,108128.375,0.984685,2
sub-7t-035,Healthy,Empty,3,PAGODA-Net (4x6),1.0000,1.0000,1.000000,0.0000,1.0000,0,0.000,140038.500,17.625,17.625,3,0.000,1,140020.875,0.999874,2
sub-7t-036,Hemorrhage,Hemorrhage,1,PAGODA-Net (4x6),0.6433,0.7314,0.684540,7.4833,0.9060,1,3196.500,143461.125,1296.125,0.000,0,0.000,,138968.500,0.990759,2
sub-7t-037,Healthy,Empty,5,PAGODA-Net (4x6),1.0000,1.0000,1.000000,0.0000,1.0000,0,0.000,142659.875,240.375,240.375,34,0.000,1,142419.500,0.998315,2
sub-7t-038,Healthy,Empty,5,PAGODA-Net (4x6),1.0000,1.0000,1.000000,0.0000,1.0000,0,0.000,141275.500,65.125,65.125,8,0.000,1,141210.375,0.999539,2
sub-7t-039,Edema,Edema,1,PAGODA-Net (4x6),0.9523,0.9591,0.955719,1.0000,0.9695,1,492.250,132012.500,23.625,0.000,0,0.000,,131496.625,0.999820,2
sub-7t-040,Hemorrhage,Hemorrhage,2,PAGODA-Net (4x6),0.9823,0.9781,0.980213,1.2247,0.9661,1,11252.625,154622.125,198.500,0.000,0,0.000,,143171.000,0.998615,2
sub-7t-041,Healthy,Empty,1,PAGODA-Net (4x6),1.0000,1.0000,1.000000,0.0000,1.0000,0,0.000,149241.750,38.125,38.125,7,0.000,1,149203.625,0.999745,2
sub-7t-042,Healthy,Empty,3,PAGODA-Net (4x6),1.0000,1.0000,1.000000,0.0000,1.0000,0,0.000,138062.125,4.125,4.125,4,0.000,1,138058.000,0.999970,2
sub-7t-043,Healthy,Empty,4,PAGODA-Net (4x6),1.0000,1.0000,1.000000,0.0000,1.0000,0,0.000,141680.500,170.875,170.875,20,0.000,1,141509.625,0.998794,2
sub-7t-044,Healthy,Empty,4,PAGODA-Net (4x6),1.0000,1.0000,1.000000,0.0000,1.0000,0,0.000,152691.500,177.125,177.125,26,0.000,1,152514.375,0.998840,2
sub-7t-045,Hemorrhage,Hemorrhage,5,PAGODA-Net (4x6),0.9509,0.9539,0.952414,2.0000,0.8677,1,4743.250,144290.625,233.375,0.000,0,0.000,,139314.000,0.998328,2
sub-7t-046,Hemorrhage,Hemorrhage,3,PAGODA-Net (4x6),0.7800,0.8444,0.810909,2.7386,0.6854,1,4749.500,133649.125,1131.000,0.000,0,0.000,,127768.625,0.991226,2
sub-7t-047,Healthy,Empty,2,PAGODA-Net (4x6),1.0000,1.0000,1.000000,0.0000,1.0000,0,0.000,141002.250,20.500,20.500,3,0.000,1,140981.750,0.999855,2
sub-7t-048,Hemorrhage,Hemorrhage,2,PAGODA-Net (4x6),0.9127,0.8589,0.884945,3.3166,0.8615,1,9449.250,146903.375,776.500,0.000,0,0.000,,136677.625,0.994351,2
sub-7t-049,Edema,Edema,1,PAGODA-Net (4x6),0.9616,0.9582,0.959929,1.1180,0.9368,1,2318.750,147604.750,88.625,0.000,0,0.000,,145197.375,0.999390,2
sub-7t-050,Healthy,Empty,3,PAGODA-Net (4x6),1.0000,1.0000,1.000000,0.0000,1.0000,0,0.000,142722.625,59.375,59.375,27,0.000,1,142663.250,0.999584,2
sub-7t-051,Healthy,Empty,1,PAGODA-Net (4x6),1.0000,1.0000,1.000000,0.0000,1.0000,0,0.000,141870.625,0.000,0.000,0,0.000,1,141870.625,1.000000,2
sub-7t-052,Edema,Edema,5,PAGODA-Net (4x6),0.9132,0.8997,0.906407,0.8660,0.9758,1,665.375,145748.875,56.875,0.000,0,0.000,,145026.625,0.999608,2
sub-7t-053,Healthy,Empty,4,PAGODA-Net (4x6),1.0000,1.0000,1.000000,0.0000,1.0000,0,0.000,151289.750,78.000,78.000,16,0.000,1,151211.750,0.999484,2
sub-7t-054,Healthy,Empty,2,PAGODA-Net (4x6),1.0000,1.0000,1.000000,0.0000,1.0000,0,0.000,139018.750,70.625,70.625,13,0.000,1,138948.125,0.999492,2
sub-7t-055,Healthy,Empty,4,PAGODA-Net (4x6),1.0000,1.0000,1.000000,0.0000,1.0000,0,0.000,138895.125,2.250,2.250,1,0.000,1,138892.875,0.999984,2
sub-7t-056,Hemorrhage,Hemorrhage,3,PAGODA-Net (4x6),0.9157,0.9296,0.922597,2.0000,0.9232,1,1867.125,131729.875,159.875,0.000,0,0.000,,129702.875,0.998769,2
sub-7t-057,Edema,Edema,5,PAGODA-Net (4x6),0.9612,0.9615,0.961344,0.5000,0.9987,1,643.375,156024.250,25.000,10.875,1,10.875,,155355.875,0.999839,2
sub-7t-058,Hemorrhage,Hemorrhage,1,PAGODA-Net (4x6),0.9144,0.9304,0.922325,1.4142,0.8667,1,2776.750,142001.750,241.750,0.000,0,0.000,,138983.250,0.998264,2
sub-7t-059,Healthy,Empty,2,PAGODA-Net (4x6),1.0000,1.0000,1.000000,0.0000,1.0000,0,0.000,140441.500,15.500,15.500,3,0.000,1,140426.000,0.999890,2
sub-7t-060,Hemorrhage,Hemorrhage,1,PAGODA-Net (4x6),0.9610,0.9789,0.969835,1.8708,0.9054,1,48545.250,144354.125,1930.500,0.000,0,0.000,,93878.375,0.979851,2
sub-7t-061,Edema,Edema,3,PAGODA-Net (4x6),0.9321,0.9515,0.941679,0.7071,0.9967,1,607.750,141652.125,42.125,0.000,0,0.000,,141002.250,0.999701,2
sub-7t-062,Healthy,Empty,1,PAGODA-Net (4x6),1.0000,1.0000,1.000000,0.0000,1.0000,0,0.000,150205.625,11.000,11.000,7,0.000,1,150194.625,0.999927,2
sub-7t-063,Healthy,Empty,5,PAGODA-Net (4x6),1.0000,1.0000,1.000000,0.0000,1.0000,0,0.000,133797.250,23.500,23.500,7,0.000,1,133773.750,0.999824,2
sub-7t-064,Edema,Edema,3,PAGODA-Net (4x6),0.9552,0.9530,0.954111,0.7071,0.9984,1,936.750,151201.750,41.875,0.000,0,0.000,,150223.125,0.999721,2
sub-7t-065,Healthy,Empty,1,PAGODA-Net (4x6),1.0000,1.0000,1.000000,0.0000,1.0000,0,0.000,131352.500,0.000,0.000,0,0.000,1,131352.500,1.000000,2
sub-7t-066,Hemorrhage,Hemorrhage,4,PAGODA-Net (4x6),0.9530,0.8745,0.912041,2.4495,0.9276,1,5483.875,141806.875,236.750,50.500,1,50.500,,136086.250,0.998263,2
sub-7t-067,Healthy,Empty,1,PAGODA-Net (4x6),1.0000,1.0000,1.000000,0.0000,1.0000,0,0.000,143360.125,20.875,20.875,3,0.000,1,143339.250,0.999854,2
sub-7t-001,Healthy,Empty,3,PAGODA-Net (3x6),1.0000,1.0000,1.000000,0.0000,1.0000,0,0.000,138909.375,83.250,83.250,12,0.000,1,138826.125,0.999401,2
sub-7t-002,Hemorrhage,Hemorrhage,5,PAGODA-Net (3x6),0.9555,0.9497,0.952608,1.5000,0.9354,1,17435.500,128767.250,771.375,0.000,0,0.000,,110560.375,0.993071,2
sub-7t-003,Hemorrhage,Hemorrhage,3,PAGODA-Net (3x6),0.9538,0.9529,0.953331,1.4142,0.9494,1,1228.625,141273.000,56.750,0.000,0,0.000,,139987.625,0.999595,2
sub-7t-004,Healthy,Empty,2,PAGODA-Net (3x6),1.0000,1.0000,1.000000,0.0000,1.0000,0,0.000,135829.000,32.625,32.625,4,0.000,1,135796.375,0.999760,2
sub-7t-005,Healthy,Empty,2,PAGODA-Net (3x6),1.0000,1.0000,1.000000,0.0000,1.0000,0,0.000,131905.625,27.000,27.000,3,0.000,1,131878.625,0.999795,2
sub-7t-006,Healthy,Empty,4,PAGODA-Net (3x6),1.0000,1.0000,1.000000,0.0000,1.0000,0,0.000,146888.750,0.000,0.000,0,0.000,1,146888.750,1.000000,2
sub-7t-007,Healthy,Empty,3,PAGODA-Net (3x6),1.0000,1.0000,1.000000,0.0000,1.0000,0,0.000,142869.000,2.000,2.000,2,0.000,1,142867.000,0.999986,2
sub-7t-008,Hemorrhage,Hemorrhage,1,PAGODA-Net (3x6),0.9662,0.9695,0.967819,1.8708,0.9240,1,29007.125,145018.250,984.625,154.750,1,154.750,,115026.500,0.991513,2
sub-7t-009,Healthy,Empty,3,PAGODA-Net (3x6),1.0000,1.0000,1.000000,0.0000,1.0000,0,0.000,140482.375,112.375,112.375,16,0.000,1,140370.000,0.999200,2
sub-7t-010,Healthy,Empty,2,PAGODA-Net (3x6),1.0000,1.0000,1.000000,0.0000,1.0000,0,0.000,144406.625,57.000,57.000,7,0.000,1,144349.625,0.999605,2
sub-7t-011,Healthy,Empty,1,PAGODA-Net (3x6),1.0000,1.0000,1.000000,0.0000,1.0000,0,0.000,134200.375,11.625,11.625,2,0.000,1,134188.750,0.999913,2
sub-7t-012,Hemorrhage,Hemorrhage,2,PAGODA-Net (3x6),0.9286,0.7992,0.859099,2.4495,0.7452,1,8338.625,136909.750,512.125,81.750,1,81.750,,128059.000,0.996017,2
sub-7t-013,Hemorrhage,Hemorrhage,4,PAGODA-Net (3x6),0.9598,0.9391,0.949360,1.5811,0.9520,1,3730.375,138991.875,146.750,0.000,0,0.000,,135114.750,0.998915,2
sub-7t-014,Healthy,Empty,5,PAGODA-Net (3x6),1.0000,1.0000,1.000000,0.0000,1.0000,0,0.000,153352.000,16.000,16.000,8,0.000,1,153336.000,0.999896,2
sub-7t-015,Healthy,Empty,2,PAGODA-Net (3x6),1.0000,1.0000,1.000000,0.0000,1.0000,0,0.000,133419.625,74.125,74.125,8,0.000,1,133345.500,0.999444,2
sub-7t-016,Hemorrhage,Hemorrhage,5,PAGODA-Net (3x6),0.9425,0.9369,0.939711,1.1180,0.9533,1,1419.250,139789.625,81.125,0.000,0,0.000,,138289.250,0.999414,2
sub-7t-017,Edema,Edema,4,PAGODA-Net (3x6),0.9236,0.9316,0.927588,0.5000,0.9921,1,736.500,144760.250,56.750,0.000,0,0.000,,143967.000,0.999606,2
sub-7t-018,Healthy,Empty,4,PAGODA-Net (3x6),1.0000,1.0000,1.000000,0.0000,1.0000,0,0.000,134505.500,4.250,4.250,5,0.000,1,134501.250,0.999968,2
sub-7t-019,Hemorrhage,Hemorrhage,3,PAGODA-Net (3x6),0.8817,0.9241,0.902366,4.2426,0.7101,1,8207.750,158000.000,1018.000,0.000,0,0.000,,148774.250,0.993204,2
sub-7t-020,Healthy,Empty,5,PAGODA-Net (3x6),1.0000,1.0000,1.000000,0.0000,1.0000,0,0.000,137751.750,21.625,21.625,5,0.000,1,137730.125,0.999843,2
sub-7t-021,Healthy,Empty,5,PAGODA-Net (3x6),1.0000,1.0000,1.000000,0.0000,1.0000,0,0.000,141924.750,18.000,18.000,4,0.000,1,141906.750,0.999873,2
sub-7t-022,Edema,Edema,2,PAGODA-Net (3x6),0.8553,0.2633,0.402624,7.7621,0.4915,1,378.875,144056.500,16.875,0.000,0,0.000,,143660.750,0.999883,2
sub-7t-023,Hemorrhage,Hemorrhage,2,PAGODA-Net (3x6),0.9544,0.9234,0.938661,1.7321,0.9077,1,2861.875,143009.500,126.125,0.000,0,0.000,,140021.500,0.999100,2
sub-7t-024,Edema,Edema,3,PAGODA-Net (3x6),0.7550,0.6437,0.694960,2.6926,0.6941,1,203.500,144590.000,42.500,0.000,0,0.000,,144344.000,0.999706,2
sub-7t-025,Edema,Edema,1,PAGODA-Net (3x6),0.8893,0.8947,0.892009,1.2247,0.9203,1,372.750,143294.625,41.500,0.000,0,0.000,,142880.375,0.999710,2
sub-7t-026,Edema,Edema,2,PAGODA-Net (3x6),0.8137,0.9037,0.856361,3.2787,0.8552,1,1342.500,135960.500,277.750,0.000,0,0.000,,134340.250,0.997937,2
sub-7t-027,Healthy,Empty,1,PAGODA-Net (3x6),1.0000,1.0000,1.000000,0.0000,1.0000,0,0.000,149903.000,104.125,104.125,12,0.000,1,149798.875,0.999305,2
sub-7t-028,Healthy,Empty,5,PAGODA-Net (3x6),1.0000,1.0000,1.000000,0.0000,1.0000,0,0.000,156119.750,71.250,71.250,14,0.000,1,156048.500,0.999544,2
sub-7t-029,Edema,Edema,4,PAGODA-Net (3x6),0.9521,0.9583,0.955164,0.5000,0.9940,1,1679.875,134636.750,81.000,0.000,0,0.000,,132875.875,0.999391,2
sub-7t-030,Healthy,Empty,4,PAGODA-Net (3x6),1.0000,1.0000,1.000000,0.0000,1.0000,0,0.000,140718.000,31.500,31.500,7,0.000,1,140686.500,0.999776,2
sub-7t-031,Healthy,Empty,3,PAGODA-Net (3x6),0.0000,,0.000000,,,0,0.000,137595.500,981.375,981.375,8,936.750,0,136614.125,0.992868,2
sub-7t-032,Healthy,Empty,2,PAGODA-Net (3x6),1.0000,1.0000,1.000000,0.0000,1.0000,0,0.000,147786.625,0.000,0.000,0,0.000,1,147786.625,1.000000,2
sub-7t-033,Edema,Edema,2,PAGODA-Net (3x6),0.8998,0.8673,0.883280,1.4142,0.9530,1,537.125,158000.000,51.875,0.000,0,0.000,,157411.000,0.999671,2
sub-7t-034,Hemorrhage,Hemorrhage,4,PAGODA-Net (3x6),0.8867,0.9106,0.898476,2.1794,0.9355,1,29174.375,138984.500,3396.250,283.875,1,283.875,,106413.875,0.969072,2
sub-7t-035,Healthy,Empty,3,PAGODA-Net (3x6),1.0000,1.0000,1.000000,0.0000,1.0000,0,0.000,140038.500,12.875,12.875,4,0.000,1,140025.625,0.999908,2
sub-7t-036,Hemorrhage,Hemorrhage,1,PAGODA-Net (3x6),0.8273,0.7992,0.812985,5.0000,0.8889,1,3196.500,143461.125,533.250,0.000,0,0.000,,139731.375,0.996198,2
sub-7t-037,Healthy,Empty,5,PAGODA-Net (3x6),1.0000,1.0000,1.000000,0.0000,1.0000,0,0.000,142659.875,9.875,9.875,1,0.000,1,142650.000,0.999931,2
sub-7t-038,Healthy,Empty,5,PAGODA-Net (3x6),1.0000,1.0000,1.000000,0.0000,1.0000,0,0.000,141275.500,158.125,158.125,32,0.000,1,141117.375,0.998881,2
sub-7t-039,Edema,Edema,1,PAGODA-Net (3x6),0.9366,0.9383,0.937460,0.8660,0.9796,1,492.250,132012.500,31.250,0.000,0,0.000,,131489.000,0.999762,2
sub-7t-040,Hemorrhage,Hemorrhage,2,PAGODA-Net (3x6),0.9772,0.9544,0.965664,1.2247,0.9627,1,11252.625,154622.125,251.000,0.000,0,0.000,,143118.500,0.998249,2
sub-7t-041,Healthy,Empty,1,PAGODA-Net (3x6),1.0000,1.0000,1.000000,0.0000,1.0000,0,0.000,149241.750,30.625,30.625,7,0.000,1,149211.125,0.999795,2
sub-7t-042,Healthy,Empty,3,PAGODA-Net (3x6),1.0000,1.0000,1.000000,0.0000,1.0000,0,0.000,138062.125,4.750,4.750,1,0.000,1,138057.375,0.999966,2
sub-7t-043,Healthy,Empty,4,PAGODA-Net (3x6),1.0000,1.0000,1.000000,0.0000,1.0000,0,0.000,141680.500,100.375,100.375,23,0.000,1,141580.125,0.999292,2
sub-7t-044,Healthy,Empty,4,PAGODA-Net (3x6),1.0000,1.0000,1.000000,0.0000,1.0000,0,0.000,152691.500,86.625,86.625,15,0.000,1,152604.875,0.999433,2
sub-7t-045,Hemorrhage,Hemorrhage,5,PAGODA-Net (3x6),0.9618,0.9543,0.958001,2.2913,0.8919,1,4743.250,144290.625,180.000,0.000,0,0.000,,139367.375,0.998710,2
sub-7t-046,Hemorrhage,Hemorrhage,3,PAGODA-Net (3x6),0.8569,0.9286,0.891289,2.2913,0.8961,1,4749.500,133649.125,736.750,69.375,1,69.375,,128162.875,0.994284,2
sub-7t-047,Healthy,Empty,2,PAGODA-Net (3x6),1.0000,1.0000,1.000000,0.0000,1.0000,0,0.000,141002.250,27.250,27.250,3,0.000,1,140975.000,0.999807,2
sub-7t-048,Hemorrhage,Hemorrhage,2,PAGODA-Net (3x6),0.8880,0.7428,0.808929,8.0312,0.8949,1,9449.250,146903.375,885.375,0.000,0,0.000,,136568.750,0.993559,2
sub-7t-049,Edema,Edema,1,PAGODA-Net (3x6),0.9356,0.8996,0.917221,1.6583,0.8993,1,2318.750,147604.750,143.625,0.000,0,0.000,,145142.375,0.999011,2
sub-7t-050,Healthy,Empty,3,PAGODA-Net (3x6),1.0000,1.0000,1.000000,0.0000,1.0000,0,0.000,142722.625,9.875,9.875,1,0.000,1,142712.750,0.999931,2
sub-7t-051,Healthy,Empty,1,PAGODA-Net (3x6),1.0000,1.0000,1.000000,0.0000,1.0000,0,0.000,141870.625,11.250,11.250,2,0.000,1,141859.375,0.999921,2
sub-7t-052,Edema,Edema,5,PAGODA-Net (3x6),0.9007,0.9292,0.914740,0.8660,0.9965,1,665.375,145748.875,68.125,0.000,0,0.000,,145015.375,0.999530,2
sub-7t-053,Healthy,Empty,4,PAGODA-Net (3x6),1.0000,1.0000,1.000000,0.0000,1.0000,0,0.000,151289.750,120.000,120.000,28,0.000,1,151169.750,0.999207,2
sub-7t-054,Healthy,Empty,2,PAGODA-Net (3x6),1.0000,1.0000,1.000000,0.0000,1.0000,0,0.000,139018.750,27.875,27.875,5,0.000,1,138990.875,0.999799,2
sub-7t-055,Healthy,Empty,4,PAGODA-Net (3x6),1.0000,1.0000,1.000000,0.0000,1.0000,0,0.000,138895.125,27.250,27.250,8,0.000,1,138867.875,0.999804,2
sub-7t-056,Hemorrhage,Hemorrhage,3,PAGODA-Net (3x6),0.8893,0.8735,0.881354,3.2016,0.8576,1,1867.125,131729.875,203.000,66.750,1,66.750,,129659.750,0.998437,2
sub-7t-057,Edema,Edema,5,PAGODA-Net (3x6),0.9322,0.9031,0.917399,1.7321,0.9362,1,643.375,156024.250,42.250,0.000,0,0.000,,155338.625,0.999728,2
sub-7t-058,Hemorrhage,Hemorrhage,1,PAGODA-Net (3x6),0.7950,0.7942,0.794577,2.0000,0.8749,1,2776.750,142001.750,568.750,68.000,1,68.000,,138656.250,0.995915,2
sub-7t-059,Healthy,Empty,2,PAGODA-Net (3x6),1.0000,1.0000,1.000000,0.0000,1.0000,0,0.000,140441.500,10.625,10.625,5,0.000,1,140430.875,0.999924,2
sub-7t-060,Hemorrhage,Hemorrhage,1,PAGODA-Net (3x6),0.9596,0.9811,0.970217,3.7417,0.8955,1,48545.250,144354.125,2005.750,0.000,0,0.000,,93803.125,0.979065,2
sub-7t-061,Edema,Edema,3,PAGODA-Net (3x6),0.8910,0.8470,0.868410,1.1180,0.9596,1,607.750,141652.125,63.000,29.750,1,29.750,,140981.375,0.999553,2
sub-7t-062,Healthy,Empty,1,PAGODA-Net (3x6),1.0000,1.0000,1.000000,0.0000,1.0000,0,0.000,150205.625,9.875,9.875,1,0.000,1,150195.750,0.999934,2
sub-7t-063,Healthy,Empty,5,PAGODA-Net (3x6),1.0000,1.0000,1.000000,0.0000,1.0000,0,0.000,133797.250,45.750,45.750,8,0.000,1,133751.500,0.999658,2
sub-7t-064,Edema,Edema,3,PAGODA-Net (3x6),0.9158,0.9189,0.917338,1.4142,0.8681,1,936.750,151201.750,79.125,0.000,0,0.000,,150185.875,0.999473,2
sub-7t-065,Healthy,Empty,1,PAGODA-Net (3x6),1.0000,1.0000,1.000000,0.0000,1.0000,0,0.000,131352.500,29.500,29.500,4,0.000,1,131323.000,0.999775,2
sub-7t-066,Hemorrhage,Hemorrhage,4,PAGODA-Net (3x6),0.9001,0.6909,0.781761,4.8218,0.8098,1,5483.875,141806.875,420.625,201.875,1,201.875,,135902.375,0.996914,2
sub-7t-067,Healthy,Empty,1,PAGODA-Net (3x6),1.0000,1.0000,1.000000,0.0000,1.0000,0,0.000,143360.125,170.250,170.250,19,0.000,1,143189.875,0.998812,2
sub-7t-001,Healthy,Empty,3,IEGResUNet,1.0000,1.0000,1.000000,0.0000,1.0000,0,0.000,138909.375,12.625,12.625,5,0.000,1,138896.750,0.999909,2
sub-7t-002,Hemorrhage,Hemorrhage,5,IEGResUNet,0.9334,0.9386,0.936025,3.6742,0.6430,1,17435.500,128767.250,1167.375,0.000,0,0.000,,110164.375,0.989514,2
sub-7t-003,Hemorrhage,Hemorrhage,3,IEGResUNet,0.8235,0.8959,0.858201,4.4721,0.7060,1,1228.625,141273.000,235.875,88.750,1,88.750,,139808.500,0.998316,2
sub-7t-004,Healthy,Empty,2,IEGResUNet,1.0000,1.0000,1.000000,0.0000,1.0000,0,0.000,135829.000,41.000,41.000,7,0.000,1,135788.000,0.999698,2
sub-7t-005,Healthy,Empty,2,IEGResUNet,1.0000,1.0000,1.000000,0.0000,1.0000,0,0.000,131905.625,9.375,9.375,4,0.000,1,131896.250,0.999929,2
sub-7t-006,Healthy,Empty,4,IEGResUNet,1.0000,1.0000,1.000000,0.0000,1.0000,0,0.000,146888.750,152.125,152.125,17,0.000,1,146736.625,0.998964,2
sub-7t-007,Healthy,Empty,3,IEGResUNet,1.0000,1.0000,1.000000,0.0000,1.0000,0,0.000,142869.000,93.750,93.750,12,0.000,1,142775.250,0.999344,2
sub-7t-008,Hemorrhage,Hemorrhage,1,IEGResUNet,0.9566,0.9561,0.956351,2.7386,0.8182,1,29007.125,145018.250,1257.125,0.000,0,0.000,,114754.000,0.989164,2
sub-7t-009,Healthy,Empty,3,IEGResUNet,1.0000,1.0000,1.000000,0.0000,1.0000,0,0.000,140482.375,0.000,0.000,0,0.000,1,140482.375,1.000000,2
sub-7t-010,Healthy,Empty,2,IEGResUNet,1.0000,1.0000,1.000000,0.0000,1.0000,0,0.000,144406.625,29.125,29.125,6,0.000,1,144377.500,0.999798,2
sub-7t-011,Healthy,Empty,1,IEGResUNet,1.0000,1.0000,1.000000,0.0000,1.0000,0,0.000,134200.375,29.375,29.375,5,0.000,1,134171.000,0.999781,2
sub-7t-012,Hemorrhage,Hemorrhage,2,IEGResUNet,0.8121,0.8656,0.837964,3.5707,0.8231,1,8338.625,136909.750,1670.500,139.625,3,137.875,,126900.625,0.987007,2
sub-7t-013,Hemorrhage,Hemorrhage,4,IEGResUNet,0.9543,0.9523,0.953256,3.0822,0.7608,1,3730.375,138991.875,170.250,23.000,1,23.000,,135091.250,0.998741,2
sub-7t-014,Healthy,Empty,5,IEGResUNet,1.0000,1.0000,1.000000,0.0000,1.0000,0,0.000,153352.000,31.625,31.625,6,0.000,1,153320.375,0.999794,2
sub-7t-015,Healthy,Empty,2,IEGResUNet,1.0000,1.0000,1.000000,0.0000,1.0000,0,0.000,133419.625,91.750,91.750,17,0.000,1,133327.875,0.999312,2
sub-7t-016,Hemorrhage,Hemorrhage,5,IEGResUNet,0.8200,0.8913,0.854153,3.5355,0.7518,1,1419.250,139789.625,277.750,0.000,0,0.000,,138092.625,0.997993,2
sub-7t-017,Edema,Edema,4,IEGResUNet,0.8650,0.9005,0.882421,1.0000,0.9622,1,736.500,144760.250,103.500,15.875,1,15.875,,143920.250,0.999281,2
sub-7t-018,Healthy,Empty,4,IEGResUNet,1.0000,1.0000,1.000000,0.0000,1.0000,0,0.000,134505.500,18.625,18.625,4,0.000,1,134486.875,0.999862,2
sub-7t-019,Hemorrhage,Hemorrhage,3,IEGResUNet,0.9418,0.9432,0.942498,2.0616,0.8773,1,8207.750,158000.000,478.375,0.000,0,0.000,,149313.875,0.996806,2
sub-7t-020,Healthy,Empty,5,IEGResUNet,1.0000,1.0000,1.000000,0.0000,1.0000,0,0.000,137751.750,25.375,25.375,7,0.000,1,137726.375,0.999816,2
sub-7t-021,Healthy,Empty,5,IEGResUNet,1.0000,1.0000,1.000000,0.0000,1.0000,0,0.000,141924.750,24.000,24.000,3,0.000,1,141900.750,0.999831,2
sub-7t-022,Edema,Edema,2,IEGResUNet,0.0000,0.0000,0.000000,,,1,378.875,144056.500,0.000,0.000,0,0.000,,143677.625,1.000000,2
sub-7t-023,Hemorrhage,Hemorrhage,2,IEGResUNet,0.8562,0.8253,0.840476,7.9530,0.5755,1,2861.875,143009.500,396.750,109.000,1,109.000,,139750.875,0.997169,2
sub-7t-024,Edema,Edema,3,IEGResUNet,0.5564,0.6935,0.617446,3.1623,0.7097,1,203.500,144590.000,112.500,6.500,2,0.000,,144274.000,0.999221,2
sub-7t-025,Edema,Edema,1,IEGResUNet,0.8731,0.8263,0.849070,1.8028,0.8513,1,372.750,143294.625,44.750,0.000,0,0.000,,142877.125,0.999687,2
sub-7t-026,Edema,Edema,2,IEGResUNet,0.9186,0.9153,0.916935,2.2913,0.8546,1,1342.500,135960.500,108.875,0.000,0,0.000,,134509.125,0.999191,2
sub-7t-027,Healthy,Empty,1,IEGResUNet,1.0000,1.0000,1.000000,0.0000,1.0000,0,0.000,149903.000,14.500,14.500,4,0.000,1,149888.500,0.999903,2
sub-7t-028,Healthy,Empty,5,IEGResUNet,1.0000,1.0000,1.000000,0.0000,1.0000,0,0.000,156119.750,16.625,16.625,3,0.000,1,156103.125,0.999894,2
sub-7t-029,Edema,Edema,4,IEGResUNet,0.9453,0.9447,0.945030,2.0000,0.8065,1,1679.875,134636.750,91.750,0.000,0,0.000,,132865.125,0.999310,2
sub-7t-030,Healthy,Empty,4,IEGResUNet,1.0000,1.0000,1.000000,0.0000,1.0000,0,0.000,140718.000,70.875,70.875,8,0.000,1,140647.125,0.999496,2
sub-7t-031,Healthy,Empty,3,IEGResUNet,0.0000,,0.000000,,,0,0.000,137595.500,7548.875,7548.875,9,7500.875,0,130046.625,0.945137,2
sub-7t-032,Healthy,Empty,2,IEGResUNet,1.0000,1.0000,1.000000,0.0000,1.0000,0,0.000,147786.625,10.500,10.500,3,0.000,1,147776.125,0.999929,2
sub-7t-033,Edema,Edema,2,IEGResUNet,0.8748,0.8490,0.861698,2.5000,0.8780,1,537.125,158000.000,65.250,11.125,1,11.125,,157397.625,0.999586,2
sub-7t-034,Hemorrhage,Hemorrhage,4,IEGResUNet,0.9239,0.9071,0.915437,7.4833,0.5717,1,29174.375,138984.500,2178.250,288.375,1,288.375,,107631.875,0.980163,2
sub-7t-035,Healthy,Empty,3,IEGResUNet,1.0000,1.0000,1.000000,0.0000,1.0000,0,0.000,140038.500,5.125,5.125,3,0.000,1,140033.375,0.999963,2
sub-7t-036,Hemorrhage,Hemorrhage,1,IEGResUNet,0.8801,0.4011,0.551091,13.2004,0.5974,1,3196.500,143461.125,174.750,0.000,0,0.000,,140089.875,0.998754,2
sub-7t-037,Healthy,Empty,5,IEGResUNet,1.0000,1.0000,1.000000,0.0000,1.0000,0,0.000,142659.875,66.125,66.125,8,0.000,1,142593.750,0.999536,2
sub-7t-038,Healthy,Empty,5,IEGResUNet,1.0000,1.0000,1.000000,0.0000,1.0000,0,0.000,141275.500,39.375,39.375,9,0.000,1,141236.125,0.999721,2
sub-7t-039,Edema,Edema,1,IEGResUNet,0.8949,0.8906,0.892707,3.0414,0.8596,1,492.250,132012.500,51.500,0.000,0,0.000,,131468.750,0.999608,2
sub-7t-040,Hemorrhage,Hemorrhage,2,IEGResUNet,0.9401,0.9268,0.933433,3.1623,0.9029,1,11252.625,154622.125,664.125,0.000,0,0.000,,142705.375,0.995368,2
sub-7t-041,Healthy,Empty,1,IEGResUNet,1.0000,1.0000,1.000000,0.0000,1.0000,0,0.000,149241.750,5.250,5.250,1,0.000,1,149236.500,0.999965,2
sub-7t-042,Healthy,Empty,3,IEGResUNet,1.0000,1.0000,1.000000,0.0000,1.0000,0,0.000,138062.125,0.750,0.750,1,0.000,1,138061.375,0.999995,2
sub-7t-043,Healthy,Empty,4,IEGResUNet,1.0000,1.0000,1.000000,0.0000,1.0000,0,0.000,141680.500,77.125,77.125,13,0.000,1,141603.375,0.999456,2
sub-7t-044,Healthy,Empty,4,IEGResUNet,1.0000,1.0000,1.000000,0.0000,1.0000,0,0.000,152691.500,83.500,83.500,9,0.000,1,152608.000,0.999453,2
sub-7t-045,Hemorrhage,Hemorrhage,5,IEGResUNet,0.7550,0.8179,0.785195,2.8723,0.5992,1,4743.250,144290.625,1258.875,458.125,1,458.125,,138288.500,0.990979,2
sub-7t-046,Hemorrhage,Hemorrhage,3,IEGResUNet,0.8232,0.8350,0.829022,4.8218,0.6243,1,4749.500,133649.125,851.875,52.500,1,52.500,,128047.750,0.993391,2
sub-7t-047,Healthy,Empty,2,IEGResUNet,1.0000,1.0000,1.000000,0.0000,1.0000,0,0.000,141002.250,38.750,38.750,6,0.000,1,140963.500,0.999725,2
sub-7t-048,Hemorrhage,Hemorrhage,2,IEGResUNet,0.8391,0.8281,0.833543,6.1644,0.7514,1,9449.250,146903.375,1500.500,401.375,3,401.375,,135953.625,0.989084,2
sub-7t-049,Edema,Edema,1,IEGResUNet,0.9502,0.9212,0.935457,2.1794,0.8405,1,2318.750,147604.750,112.000,44.500,1,44.500,,145174.000,0.999229,2
sub-7t-050,Healthy,Empty,3,IEGResUNet,1.0000,1.0000,1.000000,0.0000,1.0000,0,0.000,142722.625,62.125,62.125,16,0.000,1,142660.500,0.999565,2
sub-7t-051,Healthy,Empty,1,IEGResUNet,1.0000,1.0000,1.000000,0.0000,1.0000,0,0.000,141870.625,20.250,20.250,7,0.000,1,141850.375,0.999857,2
sub-7t-052,Edema,Edema,5,IEGResUNet,0.6402,0.6305,0.635305,3.7749,0.7559,1,665.375,145748.875,235.750,7.375,4,0.000,,144847.750,0.998375,2
sub-7t-053,Healthy,Empty,4,IEGResUNet,1.0000,1.0000,1.000000,0.0000,1.0000,0,0.000,151289.750,38.250,38.250,5,0.000,1,151251.500,0.999747,2
sub-7t-054,Healthy,Empty,2,IEGResUNet,1.0000,1.0000,1.000000,0.0000,1.0000,0,0.000,139018.750,79.000,79.000,8,0.000,1,138939.750,0.999432,2
sub-7t-055,Healthy,Empty,4,IEGResUNet,1.0000,1.0000,1.000000,0.0000,1.0000,0,0.000,138895.125,221.625,221.625,23,0.000,1,138673.500,0.998404,2
sub-7t-056,Hemorrhage,Hemorrhage,3,IEGResUNet,0.9112,0.8919,0.901445,4.7697,0.7596,1,1867.125,131729.875,162.250,0.000,0,0.000,,129700.500,0.998751,2
sub-7t-057,Edema,Edema,5,IEGResUNet,0.8977,0.9065,0.902078,0.8660,0.9783,1,643.375,156024.250,66.500,35.250,1,35.250,,155314.375,0.999572,2
sub-7t-058,Hemorrhage,Hemorrhage,1,IEGResUNet,0.8035,0.8236,0.813427,4.5277,0.7756,1,2776.750,142001.750,559.375,53.250,3,53.250,,138665.625,0.995982,2
sub-7t-059,Healthy,Empty,2,IEGResUNet,1.0000,1.0000,1.000000,0.0000,1.0000,0,0.000,140441.500,28.125,28.125,4,0.000,1,140413.375,0.999800,2
sub-7t-060,Hemorrhage,Hemorrhage,1,IEGResUNet,0.9649,0.9643,0.964623,1.8708,0.8312,1,48545.250,144354.125,1702.000,0.000,0,0.000,,94106.875,0.982235,2
sub-7t-061,Edema,Edema,3,IEGResUNet,0.9265,0.9177,0.922091,0.8660,0.9733,1,607.750,141652.125,44.250,0.000,0,0.000,,141000.125,0.999686,2
sub-7t-062,Healthy,Empty,1,IEGResUNet,1.0000,1.0000,1.000000,0.0000,1.0000,0,0.000,150205.625,11.125,11.125,4,0.000,1,150194.500,0.999926,2
sub-7t-063,Healthy,Empty,5,IEGResUNet,1.0000,1.0000,1.000000,0.0000,1.0000,0,0.000,133797.250,13.500,13.500,2,0.000,1,133783.750,0.999899,2
sub-7t-064,Edema,Edema,3,IEGResUNet,0.9142,0.9186,0.916400,2.2913,0.8348,1,936.750,151201.750,80.750,27.750,1,27.750,,150184.250,0.999463,2
sub-7t-065,Healthy,Empty,1,IEGResUNet,0.0000,,0.000000,,,0,0.000,131352.500,1748.250,1748.250,8,1703.750,0,129604.250,0.986690,2
sub-7t-066,Hemorrhage,Hemorrhage,4,IEGResUNet,0.8069,0.7437,0.774047,11.5758,0.6451,1,5483.875,141806.875,975.750,241.750,3,241.750,,135347.250,0.992842,2
sub-7t-067,Healthy,Empty,1,IEGResUNet,1.0000,1.0000,1.000000,0.0000,1.0000,0,0.000,143360.125,41.375,41.375,18,0.000,1,143318.750,0.999711,2
sub-7t-001,Healthy,Empty,3,Ensemble-nnUnet,1.0000,1.0000,1.000000,0.0000,1.0000,0,0.000,138909.375,228.125,228.125,25,0.000,1,138681.250,0.998358,2
sub-7t-002,Hemorrhage,Hemorrhage,5,Ensemble-nnUnet,0.9523,0.9564,0.954355,1.7321,0.9274,1,17435.500,128767.250,835.375,0.000,0,0.000,,110496.375,0.992497,2
sub-7t-003,Hemorrhage,Hemorrhage,3,Ensemble-nnUnet,0.8519,0.8128,0.831884,4.0000,0.7565,1,1228.625,141273.000,173.625,45.875,1,45.875,,139870.750,0.998760,2
sub-7t-004,Healthy,Empty,2,Ensemble-nnUnet,1.0000,1.0000,1.000000,0.0000,1.0000,0,0.000,135829.000,16.625,16.625,4,0.000,1,135812.375,0.999878,2
sub-7t-005,Healthy,Empty,2,Ensemble-nnUnet,1.0000,1.0000,1.000000,0.0000,1.0000,0,0.000,131905.625,47.875,47.875,10,0.000,1,131857.750,0.999637,2
sub-7t-006,Healthy,Empty,4,Ensemble-nnUnet,1.0000,1.0000,1.000000,0.0000,1.0000,0,0.000,146888.750,114.625,114.625,18,0.000,1,146774.125,0.999220,2
sub-7t-007,Healthy,Empty,3,Ensemble-nnUnet,1.0000,1.0000,1.000000,0.0000,1.0000,0,0.000,142869.000,0.000,0.000,0,0.000,1,142869.000,1.000000,2
sub-7t-008,Hemorrhage,Hemorrhage,1,Ensemble-nnUnet,0.9604,0.9291,0.944493,1.6583,0.9434,1,29007.125,145018.250,1112.500,0.000,0,0.000,,114898.625,0.990410,2
sub-7t-009,Healthy,Empty,3,Ensemble-nnUnet,1.0000,1.0000,1.000000,0.0000,1.0000,0,0.000,140482.375,113.375,113.375,15,0.000,1,140369.000,0.999193,2
sub-7t-010,Healthy,Empty,2,Ensemble-nnUnet,1.0000,1.0000,1.000000,0.0000,1.0000,0,0.000,144406.625,20.375,20.375,7,0.000,1,144386.250,0.999859,2
sub-7t-011,Healthy,Empty,1,Ensemble-nnUnet,1.0000,1.0000,1.000000,0.0000,1.0000,0,0.000,134200.375,25.000,25.000,5,0.000,1,134175.375,0.999814,2
sub-7t-012,Hemorrhage,Hemorrhage,2,Ensemble-nnUnet,0.8337,0.6770,0.747249,5.6569,0.7699,1,8338.625,136909.750,1125.750,0.000,0,0.000,,127445.375,0.991244,2
sub-7t-013,Hemorrhage,Hemorrhage,4,Ensemble-nnUnet,0.9565,0.9264,0.941205,2.6926,0.8191,1,3730.375,138991.875,157.125,0.000,0,0.000,,135104.375,0.998838,2
sub-7t-014,Healthy,Empty,5,Ensemble-nnUnet,1.0000,1.0000,1.000000,0.0000,1.0000,0,0.000,153352.000,34.250,34.250,16,0.000,1,153317.750,0.999777,2
sub-7t-015,Healthy,Empty,2,Ensemble-nnUnet,1.0000,1.0000,1.000000,0.0000,1.0000,0,0.000,133419.625,23.500,23.500,14,0.000,1,133396.125,0.999824,2
sub-7t-016,Hemorrhage,Hemorrhage,5,Ensemble-nnUnet,0.9212,0.8880,0.904296,3.5000,0.5999,1,1419.250,139789.625,107.750,13.750,1,13.750,,138262.625,0.999221,2
sub-7t-017,Edema,Edema,4,Ensemble-nnUnet,0.7531,0.7125,0.732252,2.2913,0.5617,1,736.500,144760.250,172.000,31.375,2,28.250,,143851.750,0.998806,2
sub-7t-018,Healthy,Empty,4,Ensemble-nnUnet,1.0000,1.0000,1.000000,0.0000,1.0000,0,0.000,134505.500,22.000,22.000,4,0.000,1,134483.500,0.999836,2
sub-7t-019,Hemorrhage,Hemorrhage,3,Ensemble-nnUnet,0.8899,0.7168,0.794031,4.5277,0.8090,1,8207.750,158000.000,727.875,185.500,1,185.500,,149064.375,0.995141,2
sub-7t-020,Healthy,Empty,5,Ensemble-nnUnet,1.0000,1.0000,1.000000,0.0000,1.0000,0,0.000,137751.750,34.750,34.750,17,0.000,1,137717.000,0.999748,2
sub-7t-021,Healthy,Empty,5,Ensemble-nnUnet,1.0000,1.0000,1.000000,0.0000,1.0000,0,0.000,141924.750,8.250,8.250,7,0.000,1,141916.500,0.999942,2
sub-7t-022,Edema,Edema,2,Ensemble-nnUnet,0.7505,0.2481,0.372923,7.0356,0.3124,1,378.875,144056.500,31.250,0.000,0,0.000,,143646.375,0.999782,2
sub-7t-023,Hemorrhage,Hemorrhage,2,Ensemble-nnUnet,0.8169,0.7887,0.802560,4.0620,0.8058,1,2861.875,143009.500,506.000,163.125,2,163.125,,139641.625,0.996390,2
sub-7t-024,Edema,Edema,3,Ensemble-nnUnet,0.4801,0.4902,0.485106,5.1720,0.8107,1,203.500,144590.000,108.000,20.000,3,10.250,,144278.500,0.999252,2
sub-7t-025,Edema,Edema,1,Ensemble-nnUnet,0.8696,0.7763,0.820340,1.1180,0.9549,1,372.750,143294.625,43.375,11.250,2,0.000,,142878.500,0.999697,2
sub-7t-026,Edema,Edema,2,Ensemble-nnUnet,0.9277,0.9072,0.917334,1.6583,0.8444,1,1342.500,135960.500,94.875,0.000,0,0.000,,134523.125,0.999295,2
sub-7t-027,Healthy,Empty,1,Ensemble-nnUnet,1.0000,1.0000,1.000000,0.0000,1.0000,0,0.000,149903.000,83.875,83.875,18,0.000,1,149819.125,0.999440,2
sub-7t-028,Healthy,Empty,5,Ensemble-nnUnet,1.0000,1.0000,1.000000,0.0000,1.0000,0,0.000,156119.750,26.250,26.250,10,0.000,1,156093.500,0.999832,2
sub-7t-029,Edema,Edema,4,Ensemble-nnUnet,0.9347,0.9313,0.932985,1.5000,0.8823,1,1679.875,134636.750,109.375,27.250,1,27.250,,132847.500,0.999177,2
sub-7t-030,Healthy,Empty,4,Ensemble-nnUnet,1.0000,1.0000,1.000000,0.0000,1.0000,0,0.000,140718.000,19.750,19.750,2,0.000,1,140698.250,0.999860,2
sub-7t-031,Healthy,Empty,3,Ensemble-nnUnet,0.0000,,0.000000,,,0,0.000,137595.500,2177.500,2177.500,20,2038.000,0,135418.000,0.984175,2
sub-7t-032,Healthy,Empty,2,Ensemble-nnUnet,1.0000,1.0000,1.000000,0.0000,1.0000,0,0.000,147786.625,35.375,35.375,8,0.000,1,147751.250,0.999761,2
sub-7t-033,Edema,Edema,2,Ensemble-nnUnet,0.8346,0.7259,0.776450,3.2787,0.6260,1,537.125,158000.000,77.250,0.000,0,0.000,,157385.625,0.999509,2
sub-7t-034,Hemorrhage,Hemorrhage,4,Ensemble-nnUnet,0.9579,0.9412,0.949468,3.2016,0.8318,1,29174.375,138984.500,1207.000,0.000,0,0.000,,108603.125,0.989008,2
sub-7t-035,Healthy,Empty,3,Ensemble-nnUnet,1.0000,1.0000,1.000000,0.0000,1.0000,0,0.000,140038.500,14.250,14.250,3,0.000,1,140024.250,0.999898,2
sub-7t-036,Hemorrhage,Hemorrhage,1,Ensemble-nnUnet,0.8474,0.4512,0.588869,18.4662,0.5346,1,3196.500,143461.125,259.625,17.875,1,17.875,,140005.000,0.998149,2
sub-7t-037,Healthy,Empty,5,Ensemble-nnUnet,1.0000,1.0000,1.000000,0.0000,1.0000,0,0.000,142659.875,1.000,1.000,1,0.000,1,142658.875,0.999993,2
sub-7t-038,Healthy,Empty,5,Ensemble-nnUnet,1.0000,1.0000,1.000000,0.0000,1.0000,0,0.000,141275.500,142.375,142.375,30,0.000,1,141133.125,0.998992,2
sub-7t-039,Edema,Edema,1,Ensemble-nnUnet,0.8724,0.8263,0.848722,4.7697,0.7781,1,492.250,132012.500,59.500,2.000,1,0.000,,131460.750,0.999548,2
sub-7t-040,Hemorrhage,Hemorrhage,2,Ensemble-nnUnet,0.9564,0.8853,0.919486,3.9370,0.8818,1,11252.625,154622.125,454.000,0.000,0,0.000,,142915.500,0.996833,2
sub-7t-041,Healthy,Empty,1,Ensemble-nnUnet,1.0000,1.0000,1.000000,0.0000,1.0000,0,0.000,149241.750,92.375,92.375,23,0.000,1,149149.375,0.999381,2
sub-7t-042,Healthy,Empty,3,Ensemble-nnUnet,1.0000,1.0000,1.000000,0.0000,1.0000,0,0.000,138062.125,8.625,8.625,3,0.000,1,138053.500,0.999938,2
sub-7t-043,Healthy,Empty,4,Ensemble-nnUnet,1.0000,1.0000,1.000000,0.0000,1.0000,0,0.000,141680.500,48.625,48.625,6,0.000,1,141631.875,0.999657,2
sub-7t-044,Healthy,Empty,4,Ensemble-nnUnet,1.0000,1.0000,1.000000,0.0000,1.0000,0,0.000,152691.500,95.500,95.500,20,0.000,1,152596.000,0.999375,2
sub-7t-045,Hemorrhage,Hemorrhage,5,Ensemble-nnUnet,0.8251,0.8293,0.827185,3.6056,0.8637,1,4743.250,144290.625,834.000,0.000,0,0.000,,138713.375,0.994024,2
sub-7t-046,Hemorrhage,Hemorrhage,3,Ensemble-nnUnet,0.8419,0.7571,0.797273,12.2678,0.7281,1,4749.500,133649.125,675.250,0.000,0,0.000,,128224.375,0.994761,2
sub-7t-047,Healthy,Empty,2,Ensemble-nnUnet,1.0000,1.0000,1.000000,0.0000,1.0000,0,0.000,141002.250,24.750,24.750,4,0.000,1,140977.500,0.999824,2
sub-7t-048,Hemorrhage,Hemorrhage,2,Ensemble-nnUnet,0.7596,0.2483,0.374275,20.8926,0.6128,1,9449.250,146903.375,742.625,0.000,0,0.000,,136711.500,0.994597,2
sub-7t-049,Edema,Edema,1,Ensemble-nnUnet,0.8811,0.7723,0.823154,16.9337,0.7880,1,2318.750,147604.750,241.625,0.000,0,0.000,,145044.375,0.998337,2
sub-7t-050,Healthy,Empty,3,Ensemble-nnUnet,1.0000,1.0000,1.000000,0.0000,1.0000,0,0.000,142722.625,175.250,175.250,19,0.000,1,142547.375,0.998772,2
sub-7t-051,Healthy,Empty,1,Ensemble-nnUnet,1.0000,1.0000,1.000000,0.0000,1.0000,0,0.000,141870.625,12.625,12.625,4,0.000,1,141858.000,0.999911,2
sub-7t-052,Edema,Edema,5,Ensemble-nnUnet,0.7239,0.4358,0.544090,4.7170,0.7772,1,665.375,145748.875,110.625,11.875,1,11.875,,144972.875,0.999238,2
sub-7t-053,Healthy,Empty,4,Ensemble-nnUnet,1.0000,1.0000,1.000000,0.0000,1.0000,0,0.000,151289.750,3.500,3.500,1,0.000,1,151286.250,0.999977,2
sub-7t-054,Healthy,Empty,2,Ensemble-nnUnet,1.0000,1.0000,1.000000,0.0000,1.0000,0,0.000,139018.750,59.625,59.625,10,0.000,1,138959.125,0.999571,2
sub-7t-055,Healthy,Empty,4,Ensemble-nnUnet,1.0000,1.0000,1.000000,0.0000,1.0000,0,0.000,138895.125,43.125,43.125,11,0.000,1,138852.000,0.999690,2
sub-7t-056,Hemorrhage,Hemorrhage,3,Ensemble-nnUnet,0.8593,0.9057,0.881885,2.3452,0.9203,1,1867.125,131729.875,277.000,52.625,3,52.500,,129585.750,0.997867,2
sub-7t-057,Edema,Edema,5,Ensemble-nnUnet,0.9012,0.8349,0.866768,1.6583,0.9165,1,643.375,156024.250,58.875,0.000,0,0.000,,155322.000,0.999621,2
sub-7t-058,Hemorrhage,Hemorrhage,1,Ensemble-nnUnet,0.8839,0.8671,0.875406,3.6056,0.7086,1,2776.750,142001.750,316.375,0.000,0,0.000,,138908.625,0.997728,2
sub-7t-059,Healthy,Empty,2,Ensemble-nnUnet,1.0000,1.0000,1.000000,0.0000,1.0000,0,0.000,140441.500,48.625,48.625,8,0.000,1,140392.875,0.999654,2
sub-7t-060,Hemorrhage,Hemorrhage,1,Ensemble-nnUnet,0.9574,0.9531,0.955241,2.5981,0.8388,1,48545.250,144354.125,2059.750,330.875,1,330.875,,93749.125,0.978501,2
sub-7t-061,Edema,Edema,3,Ensemble-nnUnet,0.9096,0.8959,0.902704,1.2247,0.9465,1,607.750,141652.125,54.125,0.000,0,0.000,,140990.250,0.999616,2
sub-7t-062,Healthy,Empty,1,Ensemble-nnUnet,1.0000,1.0000,1.000000,0.0000,1.0000,0,0.000,150205.625,22.000,22.000,6,0.000,1,150183.625,0.999854,2
sub-7t-063,Healthy,Empty,5,Ensemble-nnUnet,1.0000,1.0000,1.000000,0.0000,1.0000,0,0.000,133797.250,19.875,19.875,3,0.000,1,133777.375,0.999851,2
sub-7t-064,Edema,Edema,3,Ensemble-nnUnet,0.8965,0.8607,0.878208,4.5277,0.6183,1,936.750,151201.750,93.125,37.500,2,32.500,,150171.875,0.999380,2
sub-7t-065,Healthy,Empty,1,Ensemble-nnUnet,0.0000,,0.000000,,,0,0.000,131352.500,190.500,190.500,10,147.000,0,131162.000,0.998550,2
sub-7t-066,Hemorrhage,Hemorrhage,4,Ensemble-nnUnet,0.8793,0.5973,0.711387,5.1962,0.6808,1,5483.875,141806.875,449.625,0.000,0,0.000,,135873.375,0.996702,2
sub-7t-067,Healthy,Empty,1,Ensemble-nnUnet,1.0000,1.0000,1.000000,0.0000,1.0000,0,0.000,143360.125,29.250,29.250,7,0.000,1,143330.875,0.999796,2
sub-7t-001,Healthy,Empty,3,DUCK-Net,1.0000,1.0000,1.000000,0.0000,1.0000,0,0.000,138909.375,4.125,4.125,3,0.000,1,138905.250,0.999970,2
sub-7t-002,Hemorrhage,Hemorrhage,5,DUCK-Net,0.9417,0.9161,0.928709,1.6583,0.8887,1,17435.500,128767.250,988.625,298.750,2,298.750,,110343.125,0.991120,2
sub-7t-003,Hemorrhage,Hemorrhage,3,DUCK-Net,0.8015,0.8714,0.834999,6.3640,0.7002,1,1228.625,141273.000,265.125,33.000,2,33.000,,139779.250,0.998107,2
sub-7t-004,Healthy,Empty,2,DUCK-Net,1.0000,1.0000,1.000000,0.0000,1.0000,0,0.000,135829.000,16.875,16.875,6,0.000,1,135812.125,0.999876,2
sub-7t-005,Healthy,Empty,2,DUCK-Net,1.0000,1.0000,1.000000,0.0000,1.0000,0,0.000,131905.625,10.750,10.750,4,0.000,1,131894.875,0.999919,2
sub-7t-006,Healthy,Empty,4,DUCK-Net,1.0000,1.0000,1.000000,0.0000,1.0000,0,0.000,146888.750,17.875,17.875,10,0.000,1,146870.875,0.999878,2
sub-7t-007,Healthy,Empty,3,DUCK-Net,1.0000,1.0000,1.000000,0.0000,1.0000,0,0.000,142869.000,155.375,155.375,16,0.000,1,142713.625,0.998912,2
sub-7t-008,Hemorrhage,Hemorrhage,1,DUCK-Net,0.9433,0.9107,0.926727,2.5495,0.9061,1,29007.125,145018.250,1587.000,238.125,1,238.125,,114424.125,0.986320,2
sub-7t-009,Healthy,Empty,3,DUCK-Net,1.0000,1.0000,1.000000,0.0000,1.0000,0,0.000,140482.375,18.875,18.875,3,0.000,1,140463.500,0.999866,2
sub-7t-010,Healthy,Empty,2,DUCK-Net,1.0000,1.0000,1.000000,0.0000,1.0000,0,0.000,144406.625,90.375,90.375,12,0.000,1,144316.250,0.999374,2
sub-7t-011,Healthy,Empty,1,DUCK-Net,1.0000,1.0000,1.000000,0.0000,1.0000,0,0.000,134200.375,1.875,1.875,1,0.000,1,134198.500,0.999986,2
sub-7t-012,Hemorrhage,Hemorrhage,2,DUCK-Net,0.8691,0.5017,0.636204,11.0227,0.8022,1,8338.625,136909.750,630.125,156.500,1,156.500,,127941.000,0.995099,2
sub-7t-013,Hemorrhage,Hemorrhage,4,DUCK-Net,0.9443,0.9325,0.938364,4.2426,0.8282,1,3730.375,138991.875,205.375,74.625,1,74.625,,135056.125,0.998482,2
sub-7t-014,Healthy,Empty,5,DUCK-Net,1.0000,1.0000,1.000000,0.0000,1.0000,0,0.000,153352.000,12.000,12.000,6,0.000,1,153340.000,0.999922,2
sub-7t-015,Healthy,Empty,2,DUCK-Net,1.0000,1.0000,1.000000,0.0000,1.0000,0,0.000,133419.625,26.750,26.750,4,0.000,1,133392.875,0.999800,2
sub-7t-016,Hemorrhage,Hemorrhage,5,DUCK-Net,0.6624,0.8965,0.761901,8.0777,0.6264,1,1419.250,139789.625,648.375,141.500,3,141.500,,137722.000,0.995314,2
sub-7t-017,Edema,Edema,4,DUCK-Net,0.7714,0.6585,0.710493,1.5000,0.9261,1,736.500,144760.250,143.750,43.250,2,43.250,,143880.000,0.999002,2
sub-7t-018,Healthy,Empty,4,DUCK-Net,1.0000,1.0000,1.000000,0.0000,1.0000,0,0.000,134505.500,37.875,37.875,6,0.000,1,134467.625,0.999718,2
sub-7t-019,Hemorrhage,Hemorrhage,3,DUCK-Net,0.7772,0.8786,0.824814,6.4807,0.5516,1,8207.750,158000.000,2067.125,599.500,4,599.500,,147725.125,0.986200,2
sub-7t-020,Healthy,Empty,5,DUCK-Net,1.0000,1.0000,1.000000,0.0000,1.0000,0,0.000,137751.750,59.000,59.000,11,0.000,1,137692.750,0.999572,2
sub-7t-021,Healthy,Empty,5,DUCK-Net,1.0000,1.0000,1.000000,0.0000,1.0000,0,0.000,141924.750,9.500,9.500,4,0.000,1,141915.250,0.999933,2
sub-7t-022,Edema,Edema,2,DUCK-Net,0.0000,0.0000,0.000000,,,1,378.875,144056.500,0.000,0.000,0,0.000,,143677.625,1.000000,2
sub-7t-023,Hemorrhage,Hemorrhage,2,DUCK-Net,0.8299,0.7295,0.776430,14.3788,0.7490,1,2861.875,143009.500,428.000,58.750,4,53.875,,139719.625,0.996946,2
sub-7t-024,Edema,Edema,3,DUCK-Net,0.5438,0.5534,0.548554,4.5000,0.3477,1,203.500,144590.000,94.500,21.625,1,21.625,,144292.000,0.999346,2
sub-7t-025,Edema,Edema,1,DUCK-Net,0.6508,0.4782,0.551324,7.2629,0.5604,1,372.750,143294.625,95.625,10.250,2,0.000,,142826.250,0.999331,2
sub-7t-026,Edema,Edema,2,DUCK-Net,0.9070,0.9149,0.910954,3.2787,0.8827,1,1342.500,135960.500,125.875,42.000,2,35.000,,134492.125,0.999065,2
sub-7t-027,Healthy,Empty,1,DUCK-Net,1.0000,1.0000,1.000000,0.0000,1.0000,0,0.000,149903.000,64.000,64.000,8,0.000,1,149839.000,0.999573,2
sub-7t-028,Healthy,Empty,5,DUCK-Net,1.0000,1.0000,1.000000,0.0000,1.0000,0,0.000,156119.750,45.000,45.000,12,0.000,1,156074.750,0.999712,2
sub-7t-029,Edema,Edema,4,DUCK-Net,0.8921,0.8475,0.869233,6.0415,0.7208,1,1679.875,134636.750,172.250,2.125,2,0.000,,132784.625,0.998704,2
sub-7t-030,Healthy,Empty,4,DUCK-Net,1.0000,1.0000,1.000000,0.0000,1.0000,0,0.000,140718.000,51.375,51.375,8,0.000,1,140666.625,0.999635,2
sub-7t-031,Healthy,Empty,3,DUCK-Net,1.0000,1.0000,1.000000,0.0000,1.0000,0,0.000,137595.500,59.375,59.375,8,0.000,1,137536.125,0.999568,2
sub-7t-032,Healthy,Empty,2,DUCK-Net,0.0000,,0.000000,,,0,0.000,147786.625,4102.000,4102.000,30,3920.125,0,143684.625,0.972244,2
sub-7t-033,Edema,Edema,2,DUCK-Net,0.7617,0.8175,0.788641,3.3166,0.4468,1,537.125,158000.000,137.375,21.625,2,12.750,,157325.500,0.999128,2
sub-7t-034,Hemorrhage,Hemorrhage,4,DUCK-Net,0.8428,0.8337,0.838212,12.6590,0.6363,1,29174.375,138984.500,4536.500,2042.875,1,2042.875,,105273.625,0.958688,2
sub-7t-035,Healthy,Empty,3,DUCK-Net,0.0000,,0.000000,,,0,0.000,140038.500,2366.875,2366.875,7,2339.625,0,137671.625,0.983098,2
sub-7t-036,Hemorrhage,Hemorrhage,1,DUCK-Net,0.6717,0.5589,0.610147,15.5322,0.3814,1,3196.500,143461.125,873.250,176.125,3,176.125,,139391.375,0.993774,2
sub-7t-037,Healthy,Empty,5,DUCK-Net,1.0000,1.0000,1.000000,0.0000,1.0000,0,0.000,142659.875,34.875,34.875,6,0.000,1,142625.000,0.999756,2
sub-7t-038,Healthy,Empty,5,DUCK-Net,1.0000,1.0000,1.000000,0.0000,1.0000,0,0.000,141275.500,212.500,212.500,26,0.000,1,141063.000,0.998496,2
sub-7t-039,Edema,Edema,1,DUCK-Net,0.7706,0.8095,0.789598,2.5495,0.7598,1,492.250,132012.500,118.625,10.625,3,0.000,,131401.625,0.999098,2
sub-7t-040,Hemorrhage,Hemorrhage,2,DUCK-Net,0.9255,0.9138,0.919598,14.2127,0.5356,1,11252.625,154622.125,827.625,336.875,2,336.875,,142541.875,0.994227,2
sub-7t-041,Healthy,Empty,1,DUCK-Net,1.0000,1.0000,1.000000,0.0000,1.0000,0,0.000,149241.750,21.625,21.625,8,0.000,1,149220.125,0.999855,2
sub-7t-042,Healthy,Empty,3,DUCK-Net,1.0000,1.0000,1.000000,0.0000,1.0000,0,0.000,138062.125,44.875,44.875,5,0.000,1,138017.250,0.999675,2
sub-7t-043,Healthy,Empty,4,DUCK-Net,1.0000,1.0000,1.000000,0.0000,1.0000,0,0.000,141680.500,74.000,74.000,12,0.000,1,141606.500,0.999478,2
sub-7t-044,Healthy,Empty,4,DUCK-Net,0.0000,,0.000000,,,0,0.000,152691.500,7899.125,7899.125,9,7845.000,0,144792.375,0.948267,2
sub-7t-045,Hemorrhage,Hemorrhage,5,DUCK-Net,0.7718,0.8862,0.825059,4.2426,0.7344,1,4743.250,144290.625,1243.000,493.750,3,493.750,,138304.375,0.991093,2
sub-7t-046,Hemorrhage,Hemorrhage,3,DUCK-Net,0.5304,0.5532,0.541557,16.5982,0.5713,1,4749.500,133649.125,2326.500,375.375,3,375.375,,126573.125,0.981951,2
sub-7t-047,Healthy,Empty,2,DUCK-Net,1.0000,1.0000,1.000000,0.0000,1.0000,0,0.000,141002.250,143.750,143.750,17,0.000,1,140858.500,0.998981,2
sub-7t-048,Hemorrhage,Hemorrhage,2,DUCK-Net,0.7920,0.5174,0.625870,23.7750,0.7932,1,9449.250,146903.375,1284.250,500.250,2,500.250,,136169.875,0.990657,2
sub-7t-049,Edema,Edema,1,DUCK-Net,0.9128,0.8101,0.858424,5.0990,0.8354,1,2318.750,147604.750,179.375,20.500,1,20.500,,145106.625,0.998765,2
sub-7t-050,Healthy,Empty,3,DUCK-Net,0.0000,,0.000000,,,0,0.000,142722.625,9881.000,9881.000,9,9867.375,0,132841.625,0.930768,2
sub-7t-051,Healthy,Empty,1,DUCK-Net,1.0000,1.0000,1.000000,0.0000,1.0000,0,0.000,141870.625,48.750,48.750,16,0.000,1,141821.875,0.999656,2
sub-7t-052,Edema,Edema,5,DUCK-Net,0.0000,0.0000,0.000000,,,1,665.375,145748.875,0.000,0.000,0,0.000,,145083.500,1.000000,2
sub-7t-053,Healthy,Empty,4,DUCK-Net,1.0000,1.0000,1.000000,0.0000,1.0000,0,0.000,151289.750,45.375,45.375,6,0.000,1,151244.375,0.999700,2
sub-7t-054,Healthy,Empty,2,DUCK-Net,1.0000,1.0000,1.000000,0.0000,1.0000,0,0.000,139018.750,19.000,19.000,10,0.000,1,138999.750,0.999863,2
sub-7t-055,Healthy,Empty,4,DUCK-Net,1.0000,1.0000,1.000000,0.0000,1.0000,0,0.000,138895.125,134.875,134.875,18,0.000,1,138760.250,0.999029,2
sub-7t-056,Hemorrhage,Hemorrhage,3,DUCK-Net,0.8644,0.8764,0.870354,4.6904,0.7785,1,1867.125,131729.875,256.750,105.750,1,105.750,,129606.000,0.998023,2
sub-7t-057,Edema,Edema,5,DUCK-Net,0.8584,0.8430,0.850618,1.2247,0.9555,1,643.375,156024.250,89.500,17.750,3,14.750,,155291.375,0.999424,2
sub-7t-058,Hemorrhage,Hemorrhage,1,DUCK-Net,0.5493,0.8825,0.677086,6.1644,0.6399,1,2776.750,142001.750,2010.875,682.625,5,680.625,,137214.125,0.985557,2
sub-7t-059,Healthy,Empty,2,DUCK-Net,1.0000,1.0000,1.000000,0.0000,1.0000,0,0.000,140441.500,160.500,160.500,17,0.000,1,140281.000,0.998857,2
sub-7t-060,Hemorrhage,Hemorrhage,1,DUCK-Net,0.9740,0.9570,0.965387,2.9155,0.7428,1,48545.250,144354.125,1242.375,0.000,0,0.000,,94566.500,0.987033,2
sub-7t-061,Edema,Edema,3,DUCK-Net,0.8839,0.8645,0.874077,3.2787,0.5461,1,607.750,141652.125,69.000,13.000,2,12.750,,140975.375,0.999511,2
sub-7t-062,Healthy,Empty,1,DUCK-Net,1.0000,1.0000,1.000000,0.0000,1.0000,0,0.000,150205.625,13.250,13.250,6,0.000,1,150192.375,0.999912,2
sub-7t-063,Healthy,Empty,5,DUCK-Net,0.0000,,0.000000,,,0,0.000,133797.250,857.000,857.000,14,834.625,0,132940.250,0.993595,2
sub-7t-064,Edema,Edema,3,DUCK-Net,0.8254,0.8615,0.843040,3.1623,0.7450,1,936.750,151201.750,170.750,22.750,2,15.750,,150094.250,0.998864,2
sub-7t-065,Healthy,Empty,1,DUCK-Net,0.0000,,0.000000,,,0,0.000,131352.500,164.625,164.625,13,90.625,0,131187.875,0.998747,2
sub-7t-066,Hemorrhage,Hemorrhage,4,DUCK-Net,0.7703,0.7241,0.746496,10.2347,0.6897,1,5483.875,141806.875,1183.750,554.375,2,554.375,,135139.250,0.991317,2
sub-7t-067,Healthy,Empty,1,DUCK-Net,1.0000,1.0000,1.000000,0.0000,1.0000,0,0.000,143360.125,17.000,17.000,3,0.000,1,143343.125,0.999881,2
