Analysis,Scope,Unit,Metric,Reference,Comparator,n,n_nonzero,mean_ref,mean_comp,median_diff_comp_minus_ref,W,z,p_raw,p_holm,p_raw_display,p_holm_display,sig,decision,r_rb,wins_ref,ties,losses_ref,test_method,holm_family,p_blocked_perm,p_blocked_perm_holm
"Lesion-only, run-averaged subject (published)",lesion,averaged,Dice Similarity Coefficient (DSC),PAGODA-Net (4x6),DUCK-Net,31,31.0,0.8907686989247312,0.7500247849462365,-0.115212,4.0,-4.78,1.7394267474790593e-06,6.310170257673864e-06,< 0.0001,< 0.0001,***,Significant,-0.9839,30.0,0.0,1.0,"Wilcoxon signed-rank, two-sided, zeros dropped, normal approx (tie-corrected)","DSC, 4 comparators vs reference (m = 4), within analysis",,
"Lesion-only, run-averaged subject (published)",lesion,averaged,Dice Similarity Coefficient (DSC),PAGODA-Net (4x6),Ensemble-nnUnet,31,31.0,0.8907686989247312,0.7884260860215055,-0.079043,3.0,-4.8,1.577542564418466e-06,6.310170257673864e-06,< 0.0001,< 0.0001,***,Significant,-0.9879,30.0,0.0,1.0,"Wilcoxon signed-rank, two-sided, zeros dropped, normal approx (tie-corrected)","DSC, 4 comparators vs reference (m = 4), within analysis",,
"Lesion-only, run-averaged subject (published)",lesion,averaged,Dice Similarity Coefficient (DSC),PAGODA-Net (4x6),IEGResUNet,31,31.0,0.8907686989247312,0.8334466989247311,-0.048308,16.0,-4.55,5.457168134906075e-06,1.091433626981215e-05,< 0.0001,< 0.0001,***,Significant,-0.9355,29.0,0.0,2.0,"Wilcoxon signed-rank, two-sided, zeros dropped, normal approx (tie-corrected)","DSC, 4 comparators vs reference (m = 4), within analysis",,
"Lesion-only, run-averaged subject (published)",lesion,averaged,Dice Similarity Coefficient (DSC),PAGODA-Net (4x6),PAGODA-Net (3x6),31,31.0,0.8907686989247312,0.8717911505376345,-0.017799,125.0,-2.41,0.01593612940057758,0.01593612940057758,0.0159,0.0159,*,Significant,-0.496,23.0,0.0,8.0,"Wilcoxon signed-rank, two-sided, zeros dropped, normal approx (tie-corrected)","DSC, 4 comparators vs reference (m = 4), within analysis",,
"Lesion-only, run-averaged subject (published)",lesion,averaged,Dice Similarity Coefficient (DSC),PAGODA-Net (4x6),PAGODA-Net (4x6),31,,0.8907686989247312,0.8907686989247312,,,,,,Reference,Reference,Reference,Reference,,,,,,,,
"Lesion-only, stacked subject x run (sensitivity)",lesion,stacked,Dice Similarity Coefficient (DSC),PAGODA-Net (4x6),DUCK-Net,93,92.0,0.8907686989247311,0.7500247849462365,-0.109533,121.0,-7.86,3.906815107862252e-15,1.562726043144901e-14,< 0.0001,< 0.0001,***,Significant,-0.9434,90.0,1.0,2.0,"Wilcoxon signed-rank, two-sided, zeros dropped, normal approx (tie-corrected)","DSC, 4 comparators vs reference (m = 4), within analysis",4.999750012499375e-05,0.000199990000499975
"Lesion-only, stacked subject x run (sensitivity)",lesion,stacked,Dice Similarity Coefficient (DSC),PAGODA-Net (4x6),Ensemble-nnUnet,93,92.0,0.8907686989247311,0.7884260860215054,-0.087733,223.0,-7.46,8.606068157909509e-14,2.581820447372853e-13,< 0.0001,< 0.0001,***,Significant,-0.8957,83.0,1.0,9.0,"Wilcoxon signed-rank, two-sided, zeros dropped, normal approx (tie-corrected)","DSC, 4 comparators vs reference (m = 4), within analysis",4.999750012499375e-05,0.000199990000499975
"Lesion-only, stacked subject x run (sensitivity)",lesion,stacked,Dice Similarity Coefficient (DSC),PAGODA-Net (4x6),IEGResUNet,93,91.0,0.8907686989247311,0.8334466989247311,-0.047071,256.0,-7.27,3.577004441657662e-13,7.154008883315324e-13,< 0.0001,< 0.0001,***,Significant,-0.8777,80.0,2.0,11.0,"Wilcoxon signed-rank, two-sided, zeros dropped, normal approx (tie-corrected)","DSC, 4 comparators vs reference (m = 4), within analysis",4.999750012499375e-05,0.000199990000499975
"Lesion-only, stacked subject x run (sensitivity)",lesion,stacked,Dice Similarity Coefficient (DSC),PAGODA-Net (4x6),PAGODA-Net (3x6),93,92.0,0.8907686989247311,0.8717911505376342,-0.017775,1099.0,-4.05,5.129384549006081e-05,5.129384549006081e-05,< 0.0001,< 0.0001,***,Significant,-0.4862,66.0,1.0,26.0,"Wilcoxon signed-rank, two-sided, zeros dropped, normal approx (tie-corrected)","DSC, 4 comparators vs reference (m = 4), within analysis",0.010499475026248688,0.010499475026248688
"Lesion-only, stacked subject x run (sensitivity)",lesion,stacked,Dice Similarity Coefficient (DSC),PAGODA-Net (4x6),PAGODA-Net (4x6),93,,0.8907686989247311,0.8907686989247311,,,,,,Reference,Reference,Reference,Reference,,,,,,,,
"Full cohort, run-averaged subject, BraTS empty-mask rule (sensitivity)",full,averaged,Dice Similarity Coefficient (DSC),PAGODA-Net (4x6),DUCK-Net,67,38.0,0.949460144278607,0.8097129601990048,-0.023434,4.0,-5.32,1.0615899069868846e-07,4.2463596279475385e-07,< 0.0001,< 0.0001,***,Significant,-0.9892,37.0,29.0,1.0,"Wilcoxon signed-rank, two-sided, zeros dropped, normal approx (tie-corrected)","DSC, 4 comparators vs reference (m = 4), within analysis",,
"Full cohort, run-averaged subject, BraTS empty-mask rule (sensitivity)",full,averaged,Dice Similarity Coefficient (DSC),PAGODA-Net (4x6),Ensemble-nnUnet,67,36.0,0.949460144278607,0.8573314726368159,-0.003198,3.0,-5.18,2.1614278894902948e-07,6.484283668470884e-07,< 0.0001,< 0.0001,***,Significant,-0.991,35.0,31.0,1.0,"Wilcoxon signed-rank, two-sided, zeros dropped, normal approx (tie-corrected)","DSC, 4 comparators vs reference (m = 4), within analysis",,
"Full cohort, run-averaged subject, BraTS empty-mask rule (sensitivity)",full,averaged,Dice Similarity Coefficient (DSC),PAGODA-Net (4x6),IEGResUNet,67,33.0,0.949460144278607,0.8980624029850747,0.0,16.0,-4.73,2.289396584777233e-06,4.578793169554466e-06,< 0.0001,< 0.0001,***,Significant,-0.943,31.0,34.0,2.0,"Wilcoxon signed-rank, two-sided, zeros dropped, normal approx (tie-corrected)","DSC, 4 comparators vs reference (m = 4), within analysis",,
"Full cohort, run-averaged subject, BraTS empty-mask rule (sensitivity)",full,averaged,Dice Similarity Coefficient (DSC),PAGODA-Net (4x6),PAGODA-Net (3x6),67,34.0,0.949460144278607,0.9207789900497513,0.0,125.0,-2.95,0.0031859490305206945,0.0031859490305206945,0.0032,0.0032,**,Significant,-0.5798,26.0,33.0,8.0,"Wilcoxon signed-rank, two-sided, zeros dropped, normal approx (tie-corrected)","DSC, 4 comparators vs reference (m = 4), within analysis",,
"Full cohort, run-averaged subject, BraTS empty-mask rule (sensitivity)",full,averaged,Dice Similarity Coefficient (DSC),PAGODA-Net (4x6),PAGODA-Net (4x6),67,,0.949460144278607,0.949460144278607,,,,,,Reference,Reference,Reference,Reference,,,,,,,,
